Bezeichnung,Median,codes,germancode,checked,Berufsübersetzung,jobs,code,count,mean,std,min,25%,50%,75%,max,rel_std,Berufsübersetzung.1,number_zusammen,Resultatsberuf_zusammen,three_letter_scraper,matched,number_to_merge
111 Landwirtschaft,9.99,111,111,y,Plan,"['Graders and Sorters, Agricultural Products']",45-204,1.0,84.0,0.0,84.0,84.0,84.0,84.0,84.0,0.0,Plan,,,,False,111
111 Landwirtschaft,9.99,111,111,y,Farm and Home Management Advis,['Farm and Home Management Advisors'],25-902,1.0,43.0,0.0,43.0,43.0,43.0,43.0,43.0,0.0,Farm and Home Management Advis,,,,False,111
111 Landwirtschaft,9.99,111,111,y,Betreiber landwirtschaftlicher Ger,"['Agricultural Equipment Operators', 'Farmworkers, Farm, Ranch, and Aquacultural Animals', 'Nursery Workers', 'Farmworkers and Laborers, Crop']",45-209,4.0,41.5,16.58312395,24.0,35.25,39.0,45.25,64.0,0.399593348,Betreiber landwirtschaftlicher Ger,,,,False,111
111 Landwirtschaft,9.99,111,111,y,Landwirtschaftsinspekto,['Agricultural Inspectors'],45-201,1.0,68.0,0.0,68.0,68.0,68.0,68.0,68.0,0.0,Landwirtschaftsinspekto,11103-10,Beamt(er/in) - Agrarverwaltung (geh. techn. Dienst),111,True,111
111 Landwirtschaft,9.99,111,111,y,Landwirtscha,"['Farm and Ranch Managers', 'Aquacultural Managers', 'Nursery and Greenhouse Managers']",11-901,3.0,55.66666667,6.429100507,51.0,52.0,53.0,58.0,63.0,0.115492823,Landwirtscha,11132-10,Landwirtschaftlich-technische/r Assistent/in,111,True,111
111 Landwirtschaft,9.99,111,111,y,Landwirtschaftsingenie,['Agricultural Engineers'],17-202,1.0,45.0,0.0,45.0,45.0,45.0,45.0,45.0,0.0,Landwirtschaftsingenie,11104-11,Agrarwissenschaftler/in,111,True,111
113 Pferdewirtschaft,8.84,113,113,y,Tierzüch,['Animal Breeders'],45-202,1.0,33.0,0.0,33.0,33.0,33.0,33.0,33.0,0.0,Tierzüch,81143-10,Fachagrarwirt/in - Besamungswesen,811,False,113
114 Fischwirtschaft,10.00,114,114,y,Fischer und verwandte Fischerber,['Fishers and Related Fishing Workers'],45-301,1.0,70.0,0.0,70.0,70.0,70.0,70.0,70.0,0.0,Fischer und verwandte Fischerber,,,,False,114
115 Tierpflege,10.28,115,115,y,Tiertrai,['Animal Trainers'],39-201,1.0,62.0,0.0,62.0,62.0,62.0,62.0,62.0,0.0,Tiertrai,94283-10,Dompteur/Dompteuse,942,False,115
115 Tierpflege,10.28,115,115,y,Mitarbeiter des Tierschut,['Animal Control Workers'],33-901,1.0,54.0,0.0,54.0,54.0,54.0,54.0,54.0,0.0,Mitarbeiter des Tierschut,,,,False,115
115 Tierpflege,10.28,115,115,y,Ni,['Nonfarm Animal Caretakers'],39-202,1.0,66.0,0.0,66.0,66.0,66.0,66.0,66.0,0.0,Ni,11582-10,Tierpfleger/in - Forschung und Klinik,115,True,115
"117 Forst-,Jagdwirtschaft, Landschaftspflege",15.91,117,117,y,Log Grader und Scal,"['Log Graders and Scalers', 'Logging Equipment Operators', 'Fallers']",45-402,3.0,23.0,21.9317122,7.0,10.5,14.0,31.0,48.0,0.953552704,Log Grader und Scal,,,,False,117
"117 Forst-,Jagdwirtschaft, Landschaftspflege",15.91,117,117,y,Jäger und Fallenstel,['Hunters and Trappers'],45-302,1.0,17.0,0.0,17.0,17.0,17.0,17.0,17.0,0.0,Jäger und Fallenstel,,,,False,117
121 Gartenbau,12.14,121,121,y,Baumschneider und Baumschneiderin,"['Tree Trimmers and Pruners', 'Pesticide Handlers, Sprayers, and Applicators, Vegetation', 'Landscaping and Groundskeeping Workers']",37-301,3.0,54.66666667,23.797759,29.0,44.0,59.0,67.5,76.0,0.43532486,Baumschneider und Baumschneiderin,,,,False,121
"211 Berg-, Tagebau und Sprengtechnik",20.85,211,211,y,Sprengstoffarbei,"['Explosives Workers, Ordnance Handling Experts, and Blasters']",47-503,1.0,66.0,0.0,66.0,66.0,66.0,66.0,66.0,0.0,Sprengstoffarbei,,,,False,211
"211 Berg-, Tagebau und Sprengtechnik",20.85,211,211,y,Maschinenbediener im kontinuierlichen Berg,"['Continuous Mining Machine Operators', 'Mine Cutting and Channeling Machine Operators']",47-504,2.0,56.0,4.242640687,53.0,54.5,56.0,57.5,59.0,0.075761441,Maschinenbediener im kontinuierlichen Berg,,,,False,211
"211 Berg-, Tagebau und Sprengtechnik",20.85,211,211,y,Mine Shuttle Car Operat,['Mine Shuttle Car Operators'],53-711,1.0,49.0,0.0,49.0,49.0,49.0,49.0,49.0,0.0,Mine Shuttle Car Operat,,,,False,211
"211 Berg-, Tagebau und Sprengtechnik",20.85,211,211,y,Berg,"['Mining and Geological Engineers, Including Mining Safety Engineers']",17-215,1.0,48.0,0.0,48.0,48.0,48.0,48.0,48.0,0.0,Berg,21112-10,Berg- und Maschinenmann/-frau - Transport und Instandhaltung,211,True,211
"212 Naturstein-,Mineral-,Baustoffherstell.",15.23,212,212,y,Steinme,"['Stonemasons', 'Brickmasons and Blockmasons']",47-202,2.0,81.5,2.121320344,80.0,80.75,81.5,82.25,83.0,0.02602847,Steinme,21293-10,Steinmetz- und Steinbildhauermeister/in,212,True,212
"213 Industrielle Glasherstell.,-verarbeitung",14.17,213,213,y,Gla,['Glaziers'],47-212,1.0,69.0,0.0,69.0,69.0,69.0,69.0,69.0,0.0,Gla,33342-10,Glaser/in - Fenster- und Glasfassadenbau,333,False,213
223 Holzbe- und -verarbeitung,14.00,223,223,y,Möbelfabrikan,['Furniture Finishers'],51-702,1.0,54.0,0.0,54.0,54.0,54.0,54.0,54.0,0.0,Möbelfabrikan,,,,False,223
223 Holzbe- und -verarbeitung,14.00,223,223,y,Sägemaschineneinrich,"['Sawing Machine Setters, Operators, and Tenders, Wood', 'Woodworking Machine Setters, Operators, and Tenders, Except Sawing']",51-704,2.0,54.0,4.242640687,51.0,52.5,54.0,55.5,57.0,0.07856742,Sägemaschineneinrich,,,,False,223
223 Holzbe- und -verarbeitung,14.00,223,223,y,Schreiner und Tisch,['Cabinetmakers and Bench Carpenters'],51-701,1.0,55.0,0.0,55.0,55.0,55.0,55.0,55.0,0.0,Schreiner und Tisch,22342-10,Tischler/in,223,True,223
232 Technische Mediengestaltung,16.08,232,232,y,Fotogra,['Photographers'],27-402,1.0,68.0,0.0,68.0,68.0,68.0,68.0,68.0,0.0,Fotogra,23322-11,Fotograf/in,233,True,232
232 Technische Mediengestaltung,16.08,232,232,y,Desk,['Desktop Publishers'],43-903,1.0,45.0,0.0,45.0,45.0,45.0,45.0,45.0,0.0,Desk,23212-14,DTP-Fachkraft,232,True,232
233 Fototechnik und Fotografie,13.37,233,233,y,Fotografische Entwicklungshelfer und Bediener von Entwicklungsmaschi,['Photographic Process Workers and Processing Machine Operators'],51-915,1.0,58.0,0.0,58.0,58.0,58.0,58.0,58.0,0.0,Fotografische Entwicklungshelfer und Bediener von Entwicklungsmaschi,,,,False,233
"234 Drucktechnik,-weiterverarb.,Buchbinderei",16.00,234,234,y,Druckvorstufentechniker u,"['Prepress Technicians and Workers', 'Print Binding and Finishing Workers', 'Printing Press Operators']",51-511,3.0,51.0,7.8102496760000015,42.0,48.5,55.0,55.5,56.0,0.153142151,Druckvorstufentechniker u,61123-10,Außendienstmitarbeiter/in,611,False,234
241 Metallerzeugung,20.53,241,241,y,Giesser und Gies,"['Pourers and Casters, Metal', 'Metal-Refining Furnace Operators and Tenders']",51-405,2.0,50.0,9.899494937,43.0,46.5,50.0,53.5,57.0,0.197989899,Giesser und Gies,41422-11,Edelmetallprüfer/in,414,False,241
241 Metallerzeugung,20.53,241,241,y,Gießereif,"['Foundry Mold and Coremakers', 'Molding, Coremaking, and Casting Machine Setters, Operators, and Tenders, Metal and Plastic']",51-407,2.0,68.5,0.7071067809999999,68.0,68.25,68.5,68.75,69.0,0.010322727,Gießereif,24142-10,Kernmacher/in,241,True,241
242 Metallbearbeitung,17.47,242,242,y,Einrich,"['Lathe and Turning Machine Tool Setters, Operators, and Tenders, Metal and Plastic', 'Grinding, Lapping, Polishing, and Buffing Machine Tool Setters, Operators, and Tenders, Metal and Plastic', 'Cutting, Punching, and Press Machine Setters, Operators, and Tenders, Metal and Plastic', 'Milling and Planing Machine Setters, Operators, and Tenders, Metal and Plastic', 'Drilling and Boring Machine Tool Setters, Operators, and Tenders, Metal and Plastic']",51-403,5.0,50.8,3.1144823,48.0,48.0,50.0,53.0,55.0,0.061308707,Einrich,62252-10,Einrichtungsfachberater/in,622,False,242
243 Metalloberflächenbehandlung,15.22,243,243,y,Beschichtu,"['Coating, Painting, and Spraying Machine Setters, Operators, and Tenders', 'Painting, Coating, and Decorating Workers', 'Painters, Transportation Equipment']",51-912,3.0,60.0,13.11487705,48.0,53.0,58.0,66.0,74.0,0.218581284,Beschichtu,24302-12,Verfahrensmechaniker/in - Beschichtungstechnik,243,True,243
244 Metallbau und Schweißtechnik,14.98,244,244,y,Schw,"['Welding, Soldering, and Brazing Machine Setters, Operators, and Tenders', 'Solderers and Brazers', 'Welders, Cutters, and Welder Fitters']",51-412,3.0,46.66666667,5.033222957,42.0,44.0,46.0,49.0,52.0,0.107854778,Schw,24422-11,Schweißer/in,244,True,244
245 Feinwerk- und Werkzeugtechnik,18.41,245,245,y,Werkz,['Tool and Die Makers'],51-411,1.0,57.0,0.0,57.0,57.0,57.0,57.0,57.0,0.0,Werkz,24522-12,Werkzeugmechaniker/in,245,True,245
251 Maschinenbau- und Betriebstechnik,19.51,251,251,y,Moto,['Engine and Other Machine Assemblers'],51-203,1.0,69.0,0.0,69.0,69.0,69.0,69.0,69.0,0.0,Moto,24412-22,Fachkraft für Metalltechnik - Konstruktionstechnik,244,False,251
251 Maschinenbau- und Betriebstechnik,19.51,251,251,y,Fi,['First-Line Supervisors of Transportation and Material-Moving Machine and Vehicle Operators'],53-103,1.0,66.0,0.0,66.0,66.0,66.0,66.0,66.0,0.0,Fi,52122-10,Kraftfahrzeugführer/in - Ver- und Entsorgung,521,False,251
251 Maschinenbau- und Betriebstechnik,19.51,251,251,y,Aufzugsinstallateure u,['Elevator Installers and Repairers'],47-402,1.0,64.0,0.0,64.0,64.0,64.0,64.0,64.0,0.0,Aufzugsinstallateure u,,,,False,251
"252 Fahrzeug-Luft-Raumfahrt-,Schiffbautechn.",16.21,252,252,y,,['Bus and Truck Mechanics and Diesel Engine Specialists'],49-303,1.0,62.0,0.0,62.0,62.0,62.0,62.0,62.0,0.0,,,,,False,252
"252 Fahrzeug-Luft-Raumfahrt-,Schiffbautechn.",16.21,252,252,y,Flugzeugmechaniker und Servicetechni,['Aircraft Mechanics and Service Technicians'],49-301,1.0,54.0,0.0,54.0,54.0,54.0,54.0,54.0,0.0,Flugzeugmechaniker und Servicetechni,26312-17,Servicetechniker/in - IT,263,False,252
"252 Fahrzeug-Luft-Raumfahrt-,Schiffbautechn.",16.21,252,252,y,,"['Automotive Master Mechanics', 'Automotive Specialty Technicians', 'Automotive Glass Installers and Repairers', 'Automotive Body and Related Repairers']",49-302,4.0,51.0,3.915780041,46.0,49.0,51.5,53.5,55.0,0.076780001,,,,,False,252
"252 Fahrzeug-Luft-Raumfahrt-,Schiffbautechn.",16.21,252,252,y,Brennstoffzel,"['Fuel Cell Engineers', 'Mechanical Engineers', 'Automotive Engineers']",17-214,3.0,50.66666667,8.082903769,42.0,47.0,52.0,55.0,58.0,0.159530995,Brennstoffzel,,,,False,252
"252 Fahrzeug-Luft-Raumfahrt-,Schiffbautechn.",16.21,252,252,y,Motorradmechani,"['Motorcycle Mechanics', 'Outdoor Power Equipment and Other Small Engine Mechanics', 'Motorboat Mechanics and Service Technicians']",49-305,3.0,53.33333333,10.5039675,43.0,48.0,53.0,58.5,64.0,0.196949391,Motorradmechani,25252-10,Kraftfahrzeugmechatroniker/in - Motorradtechnik,252,True,252
"252 Fahrzeug-Luft-Raumfahrt-,Schiffbautechn.",16.21,252,252,y,L,['Aerospace Engineers'],17-201,1.0,50.0,0.0,50.0,50.0,50.0,50.0,50.0,0.0,L,25234-10,Ingenieur/in - Luft- und Raumfahrttechnik,252,True,252
262 Energietechnik,16.77,262,262,y,Techniker für den Betrieb kerntechnischer Anla,"['Nuclear Equipment Operation Technicians', 'Nuclear Monitoring Technicians']",19-405,2.0,71.0,1.4142135619999998,70.0,70.5,71.0,71.5,72.0,0.019918501,Techniker für den Betrieb kerntechnischer Anla,34342-10,Anlagenmechaniker/in,343,False,262
262 Energietechnik,16.77,262,262,y,So,['Solar Photovoltaic Installers'],47-223,1.0,68.0,0.0,68.0,68.0,68.0,68.0,68.0,0.0,So,,,,False,262
262 Energietechnik,16.77,262,262,y,Helf,"['Helpers--Installation, Maintenance, and Repair Workers', 'Geothermal Technicians', 'Fabric Menders, Except Garment', 'Commercial Divers', 'Riggers', 'Coin, Vending, and Amusement Machine Servicers and Repairers', 'Manufactured Building and Mobile Home Installers', 'Locksmiths and Safe Repairers', 'Signal and Track Switch Repairers']",49-909,9.0,66.0,9.38083152,50.0,58.0,68.0,73.0,77.0,0.142133811,Helf,34212-11,"Anlagenmechaniker/in - Sanitär-, Heizungs- und Klimatechnik",342,False,262
262 Energietechnik,16.77,262,262,y,Bewitterungsinstallateure u,"['Weatherization Installers and Technicians', 'Segmental Pavers', 'Solar Thermal Installers and Technicians']",47-409,3.0,63.66666667,4.041451884,60.0,61.5,63.0,65.5,68.0,0.063478302,Bewitterungsinstallateure u,,,,False,262
262 Energietechnik,16.77,262,262,y,Nukl,['Nuclear Engineers'],17-216,1.0,46.0,0.0,46.0,46.0,46.0,46.0,46.0,0.0,Nukl,,,,False,262
262 Energietechnik,16.77,262,262,y,Elektri,['Electricians'],47-211,1.0,75.0,0.0,75.0,75.0,75.0,75.0,75.0,0.0,Elektri,26212-10,Bauelektriker/in,262,True,262
262 Energietechnik,16.77,262,262,y,Ener,"['Energy Engineers', 'Nanosystems Engineers', 'Robotics Engineers', 'Manufacturing Engineers', 'Mechatronics Engineers', 'Validation Engineers', 'Wind Energy Engineers', 'Microsystems Engineers', 'Photonics Engineers', 'Solar Energy Systems Engineers', 'Biochemical Engineers']",17-219,11.0,50.0,7.307530363,38.0,45.5,50.0,55.5,61.0,0.146150607,Ener,26234-12,Ingenieur/in - Energietechnik,262,True,262
263 Elektrotechnik,20.02,263,263,y,Installateure und Reparaturbetriebe für Telekommunikationsleitun,"['Telecommunications Line Installers and Repairers', 'Electrical Power-Line Installers and Repairers']",49-905,2.0,68.5,6.3639610310000005,64.0,66.25,68.5,70.75,73.0,0.092904541,Installateure und Reparaturbetriebe für Telekommunikationsleitun,,,,False,263
263 Elektrotechnik,20.02,263,263,y,Spezialisten für Radiofrequ,"['Radio Frequency Identification Device Specialists', 'Electrical Engineers', 'Electronics Engineers, Except Computer']",17-207,3.0,48.0,3.0,45.0,46.5,48.0,49.5,51.0,0.0625,Spezialisten für Radiofrequ,,,,False,263
"272 Techn. Zeichnen, Konstruktion, Modellbau",21.34,272,272,y,Modellba,"['Patternmakers, Metal and Plastic', 'Model Makers, Metal and Plastic']",51-406,2.0,67.5,4.949747468,64.0,65.75,67.5,69.25,71.0,0.073329592,Modellba,27293-10,Modellbauermeister/in,272,True,272
"272 Techn. Zeichnen, Konstruktion, Modellbau",21.34,272,272,y,Mode,"['Models', 'Demonstrators and Product Promoters']",41-901,2.0,65.5,2.121320344,64.0,64.75,65.5,66.25,67.0,0.03238657,Mode,27293-10,Modellbauermeister/in,272,True,272
"272 Techn. Zeichnen, Konstruktion, Modellbau",21.34,272,272,y,Modellba,"['Model Makers, Wood', 'Patternmakers, Wood']",51-703,2.0,53.5,3.5355339060000004,51.0,52.25,53.5,54.75,56.0,0.066084746,Modellba,27293-10,Modellbauermeister/in,272,True,272
"272 Techn. Zeichnen, Konstruktion, Modellbau",21.34,272,272,y,Zivile Zeich,"['Civil Drafters', 'Mechanical Drafters', 'Electrical Drafters', 'Architectural Drafters', 'Electronic Drafters']",17-301,5.0,48.4,1.341640786,47.0,47.0,49.0,49.0,50.0,0.027719851,Zivile Zeich,27212-11,Bauzeichner/in,272,True,272
281 Textiltechnik und -produktion,13.51,281,281,y,Nähmaschinenbedie,['Sewing Machine Operators'],51-603,1.0,62.0,0.0,62.0,62.0,62.0,62.0,62.0,0.0,Nähmaschinenbedie,,,,False,281
281 Textiltechnik und -produktion,13.51,281,281,y,Bediener und Ausschreibungen von Textilble,"['Textile Bleaching and Dyeing Machine Operators and Tenders', 'Textile Knitting and Weaving Machine Setters, Operators, and Tenders', 'Textile Winding, Twisting, and Drawing Out Machine Setters, Operators, and Tenders', 'Textile Cutting Machine Setters, Operators, and Tenders']",51-606,4.0,52.0,9.092121131,44.0,45.5,50.0,56.5,64.0,0.174848483,Bediener und Ausschreibungen von Textilble,,,,False,281
282 Textilverarbeitung,13.22,282,282,y,Polste,"['Upholsterers', 'Fabric and Apparel Patternmakers', 'Extruding and Forming Machine Setters, Operators, and Tenders, Synthetic and Glass Fibers']",51-609,3.0,55.33333333,6.506407099,49.0,52.0,55.0,58.5,62.0,0.11758567,Polste,28232-10,Polster- und Dekorationsnäher/in,282,True,282
282 Textilverarbeitung,13.22,282,282,y,Modedesig,"['Fashion Designers', 'Commercial and Industrial Designers', 'Floral Designers', 'Set and Exhibit Designers', 'Merchandise Displayers and Window Trimmers', 'Interior Designers', 'Graphic Designers']",27-102,7.0,53.85714286,12.86375491,34.0,48.5,53.0,60.0,73.0,0.238849561,Modedesig,28214-10,Modedesigner/in,282,True,282
282 Textilverarbeitung,13.22,282,282,y,Schnei,"['Tailors, Dressmakers, and Custom Sewers', 'Sewers, Hand']",51-605,2.0,50.0,18.38477631,37.0,43.5,50.0,56.5,63.0,0.367695526,Schnei,28222-11,Zuschneider/in (Bekleidung),282,True,282
"283 Leder-, Pelzherstellung u. -verarbeitung",12.15,283,283,y,Schuhmaschinenbediener und Ausschreibun,"['Shoe Machine Operators and Tenders', 'Shoe and Leather Workers and Repairers']",51-604,2.0,58.0,4.242640687,55.0,56.5,58.0,59.5,61.0,0.073148977,Schuhmaschinenbediener und Ausschreibun,,,,False,283
292 Lebensmittel- u. Genussmittelherstellung,12.04,292,292,y,Metzger und Fleischschnei,"['Butchers and Meat Cutters', 'Slaughterers and Meat Packers', 'Meat, Poultry, and Fish Cutters and Trimmers']",51-302,3.0,78.33333333,6.110100927,73.0,75.0,77.0,81.0,85.0,0.078001288,Metzger und Fleischschnei,,,,False,292
292 Lebensmittel- u. Genussmittelherstellung,12.04,292,292,y,Techniker der Lebensmittelwissenschaf,"['Food Science Technicians', 'Agricultural Technicians']",19-401,2.0,56.5,0.7071067809999999,56.0,56.25,56.5,56.75,57.0,0.012515164,Techniker der Lebensmittelwissenschaf,,,,False,292
292 Lebensmittel- u. Genussmittelherstellung,12.04,292,292,y,Mitarbeiter der Lebensmittelzubereit,['Food Preparation Workers'],35-202,1.0,69.0,0.0,69.0,69.0,69.0,69.0,69.0,0.0,Mitarbeiter der Lebensmittelzubereit,29382-10,Diätkoch/-köchin,293,True,292
292 Lebensmittel- u. Genussmittelherstellung,12.04,292,292,y,Bäck,['Bakers'],51-301,1.0,55.0,0.0,55.0,55.0,55.0,55.0,55.0,0.0,Bäck,29222-10,Bäcker/in,292,True,292
293 Speisenzubereitung,10.92,293,293,y,Vorgesetzte in der ersten Reihe der Lebensmittelzubereitu,"['First-Line Supervisors of Food Preparation and Serving Workers', 'Chefs and Head Cooks']",35-101,2.0,88.0,9.899494937,81.0,84.5,88.0,91.5,95.0,0.112494261,Vorgesetzte in der ersten Reihe der Lebensmittelzubereitu,,,,False,293
"311 Bauplanung u. -überwachung, Architektur",20.35,311,311,y,Erstrangige Bauaufsicht für Bauhandwerk und Förderarbei,"['First-Line Supervisors of Construction Trades and Extraction Workers', 'Solar Energy Installation Managers']",47-101,2.0,74.5,4.949747468,71.0,72.75,74.5,76.25,78.0,0.066439563,Erstrangige Bauaufsicht für Bauhandwerk und Förderarbei,21112-11,"Tiefbohrfacharbeiter/in (Erdöl-, Erdgasgewinnung)",211,False,311
"311 Bauplanung u. -überwachung, Architektur",20.35,311,311,y,,['Construction and Building Inspectors'],47-401,1.0,64.0,0.0,64.0,64.0,64.0,64.0,64.0,0.0,,,,,False,311
"311 Bauplanung u. -überwachung, Architektur",20.35,311,311,y,Construction Manag,['Construction Managers'],11-902,1.0,50.0,0.0,50.0,50.0,50.0,50.0,50.0,0.0,Construction Manag,92413-10,Community-Manager/in,924,False,311
"311 Bauplanung u. -überwachung, Architektur",20.35,311,311,y,Bauingenie,"['Civil Engineers', 'Transportation Engineers']",17-205,2.0,46.5,2.121320344,45.0,45.75,46.5,47.25,48.0,0.045619792,Bauingenie,,,,False,311
"311 Bauplanung u. -überwachung, Architektur",20.35,311,311,y,Hilfen zur St,"['City and Regional Planning Aides', 'Social Science Research Assistants']",19-406,2.0,46.5,0.7071067809999999,46.0,46.25,46.5,46.75,47.0,0.015206597,Hilfen zur St,,,,False,311
"311 Bauplanung u. -überwachung, Architektur",20.35,311,311,y,St,['Urban and Regional Planners'],19-305,1.0,54.0,0.0,54.0,54.0,54.0,54.0,54.0,0.0,St,31124-11,Stadt- und Regionalplaner/in,311,True,311
312 Vermessung und Kartografie,18.28,312,312,y,Kartierungstechni,"['Mapping Technicians', 'Surveying Technicians']",17-303,2.0,53.5,4.949747468,50.0,51.75,53.5,55.25,57.0,0.092518644,Kartierungstechni,,,,False,312
312 Vermessung und Kartografie,18.28,312,312,y,Landvermes,"['Surveyors', 'Cartographers and Photogrammetrists', 'Geodetic Surveyors']",17-102,3.0,47.33333333,7.023769169,40.0,44.0,48.0,51.0,54.0,0.148389489,Landvermes,31213-10,Techniker/in - Vermessungstechnik,312,True,312
321 Hochbau,15.02,321,321,y,Dachdec,['Roofers'],47-218,1.0,77.0,0.0,77.0,77.0,77.0,77.0,77.0,0.0,Dachdec,32142-11,Dachdecker/in,321,True,321
322 Tiefbau,15.98,322,322,y,Straßenbauarbei,['Highway Maintenance Workers'],47-405,1.0,68.0,0.0,68.0,68.0,68.0,68.0,68.0,0.0,Straßenbauarbei,32222-12,Tiefbaufacharbeiter/in - Straßenbauarbeiten,322,True,322
331 Bodenverlegung,14.12,331,331,y,Teppichverle,"['Carpet Installers', 'Floor Sanders and Finishers', 'Tile and Marble Setters', 'Floor Layers, Except Carpet, Wood, and Hard Tiles']",47-204,4.0,63.75,4.645786622,59.0,61.25,63.0,65.5,70.0,0.072875084,Teppichverle,33102-10,Bodenleger/in,331,True,331
"332 Maler.,Stuckat.,Bauwerksabd,Bautenschutz",14.46,332,332,y,Gipser und Stuckate,['Plasterers and Stucco Masons'],47-216,1.0,61.0,0.0,61.0,61.0,61.0,61.0,61.0,0.0,Gipser und Stuckate,,,,False,332
"332 Maler.,Stuckat.,Bauwerksabd,Bautenschutz",14.46,332,332,y,Tapezie,"['Paperhangers', 'Painters, Construction and Maintenance']",47-214,2.0,54.0,14.14213562,44.0,49.0,54.0,59.0,64.0,0.2618914,Tapezie,33212-10,Maler/in und Tapezierer/in,332,True,332
"333 Aus-,Trockenbau.Iso.Zimmer.Glas.Roll.bau",14.59,333,333,y,Zimmerleute im Roh,"['Rough Carpenters', 'Construction Carpenters']",47-203,2.0,80.0,1.4142135619999998,79.0,79.5,80.0,80.5,81.0,0.01767767,Zimmerleute im Roh,,,,False,333
"333 Aus-,Trockenbau.Iso.Zimmer.Glas.Roll.bau",14.59,333,333,y,Dämmstoffarbei,"['Insulation Workers, Mechanical', 'Insulation Workers, Floor, Ceiling, and Wall']",47-213,2.0,58.5,0.7071067809999999,58.0,58.25,58.5,58.75,59.0,0.012087295,Dämmstoffarbei,,,,False,333
"333 Aus-,Trockenbau.Iso.Zimmer.Glas.Roll.bau",14.59,333,333,y,Trocken,"['Drywall and Ceiling Tile Installers', 'Tapers']",47-208,2.0,58.0,4.242640687,55.0,56.5,58.0,59.5,61.0,0.073148977,Trocken,33302-10,Trockenbaumonteur/in,333,True,333
"342 Klempnerei,Sanitär,Heizung,Klimatechnik",15.27,342,342,y,Heizu,"['Heating and Air Conditioning Mechanics and Installers', 'Refrigeration Mechanics and Installers']",49-902,2.0,61.0,7.071067812000001,56.0,58.5,61.0,63.5,66.0,0.115919144,Heizu,34212-11,"Anlagenmechaniker/in - Sanitär-, Heizungs- und Klimatechnik",342,True,342
343 Ver- und Entsorgung,16.39,343,343,y,Was,['Water and Wastewater Treatment Plant and System Operators'],51-803,1.0,50.0,0.0,50.0,50.0,50.0,50.0,50.0,0.0,Was,,,,False,343
343 Ver- und Entsorgung,16.39,343,343,y,Recycl,"['Recycling Coordinators', 'First-Line Supervisors of Helpers, Laborers, and Material Movers, Hand']",53-102,2.0,58.5,9.192388155,52.0,55.25,58.5,61.75,65.0,0.15713484,Recycl,34332-10,Recycling-Fachkraft,343,True,343
411 Mathematik und Statistik,29.53,411,411,y,Bioinforma,"['Bioinformatics Technicians', 'Statistical Assistants']",43-911,2.0,52.0,9.899494937,45.0,48.5,52.0,55.5,59.0,0.190374903,Bioinforma,,,,False,411
411 Mathematik und Statistik,29.53,411,411,y,Statisti,"['Statisticians', 'Biostatisticians', 'Clinical Data Managers']",15-204,3.0,39.0,7.937253932999999,33.0,34.5,36.0,42.0,48.0,0.203519332,Statisti,,,,False,411
411 Mathematik und Statistik,29.53,411,411,y,Mathemati,['Mathematicians'],15-202,1.0,40.0,0.0,40.0,40.0,40.0,40.0,40.0,0.0,Mathemati,41104-10,Mathematiker/in,411,True,411
411 Mathematik und Statistik,29.53,411,411,y,Aktu,['Actuaries'],15-201,1.0,35.0,0.0,35.0,35.0,35.0,35.0,35.0,0.0,Aktu,41184-10,Aktuar/in,411,True,411
412 Biologie,20.14,412,412,y,Biologische Techni,['Biological Technicians'],19-402,1.0,51.0,0.0,51.0,51.0,51.0,51.0,51.0,0.0,Biologische Techni,11113-10,Techniker/in - Agrartechnik,111,False,412
412 Biologie,20.14,412,412,y,Geneti,"['Geneticists', 'Biologists', 'Bioinformatics Scientists', 'Zoologists and Wildlife Biologists', 'Microbiologists', 'Molecular and Cellular Biologists', 'Biochemists and Biophysicists']",19-102,7.0,46.28571429,9.286446858,34.0,40.0,45.0,52.0,61.0,0.200633111,Geneti,41284-10,Genetiker/in,412,True,412
413 Chemie,22.48,413,413,y,Chemieingenie,['Chemical Engineers'],17-204,1.0,45.0,0.0,45.0,45.0,45.0,45.0,45.0,0.0,Chemieingenie,,,,False,413
413 Chemie,22.48,413,413,y,Chemikan,['Chemical Technicians'],19-403,1.0,58.0,0.0,58.0,58.0,58.0,58.0,58.0,0.0,Chemikan,41312-10,Chemikant/in,413,True,413
413 Chemie,22.48,413,413,y,Chemi,"['Chemists', 'Materials Scientists']",19-203,2.0,51.5,7.778174592999999,46.0,48.75,51.5,54.25,57.0,0.151032516,Chemi,41312-10,Chemikant/in,413,True,413
414 Physik,23.67,414,414,y,Werkst,['Materials Engineers'],17-213,1.0,45.0,0.0,45.0,45.0,45.0,45.0,45.0,0.0,Werkst,27393-10,Werkstattleiter/in,273,False,414
414 Physik,23.67,414,414,y,Astrono,"['Astronomers', 'Physicists']",19-201,2.0,39.0,11.3137085,31.0,35.0,39.0,43.0,47.0,0.29009509,Astrono,41484-11,"Astrophysiker/in, Astronom/in",414,True,414
"421 Geologie, Geografie und Meteorologie",20.11,421,421,y,Geophysikalische Datentechni,"['Geophysical Data Technicians', 'Geological Sample Test Technicians']",19-404,2.0,44.0,0.0,44.0,44.0,44.0,44.0,44.0,0.0,Geophysikalische Datentechni,26302-10,Elektrotechnische/r Assistent/in,263,False,421
431 Informatik,25.32,431,431,y,Compu,['Computer Hardware Engineers'],17-206,1.0,44.0,0.0,44.0,44.0,44.0,44.0,44.0,0.0,Compu,23224-10,Computer-Animator/in,232,False,431
431 Informatik,25.32,431,431,y,Informatiker und Informationsforsc,['Computer and Information Research Scientists'],15-111,1.0,33.0,0.0,33.0,33.0,33.0,33.0,33.0,0.0,Informatiker und Informationsforsc,,,,False,431
"433 IT-Netzwerkt.,-Koord.,-Administr.,-Orga.",26.24,433,433,y,Spezialisten für die Unterstützung von Computernetzwer,"['Computer Network Support Specialists', 'Computer User Support Specialists']",15-115,2.0,59.5,6.3639610310000005,55.0,57.25,59.5,61.75,64.0,0.106957328,Spezialisten für die Unterstützung von Computernetzwer,,,,False,433
"433 IT-Netzwerkt.,-Koord.,-Administr.,-Orga.",26.24,433,433,y,Netzw,"['Network and Computer Systems Administrators', 'Computer Network Architects', 'Database Administrators', 'Telecommunications Engineering Specialists']",15-114,4.0,49.25,6.898067362000001,39.0,48.75,52.0,52.5,54.0,0.14006228099999998,Netzw,43313-10,PC- und Netzwerkfachkraft,433,True,433
434 Softwareentwicklung und Programmierung,24.76,434,434,y,Computerprogrammie,"['Computer Programmers', 'Software Developers, Systems Software', 'Web Developers', 'Software Developers, Applications']",15-113,4.0,44.5,4.509249753,39.0,42.75,44.5,46.25,50.0,0.101331455,Computerprogrammie,,,,False,434
434 Softwareentwicklung und Programmierung,24.76,434,434,y,Compu,['Computer Operators'],43-901,1.0,42.0,0.0,42.0,42.0,42.0,42.0,42.0,0.0,Compu,43333-10,Operator/in (EDV),433,True,434
"511 Tech.Betrieb Eisenb.,Luft,Schiffsverkehr",18.30,511,511,y,Luftfa,"['Aviation Inspectors', 'Freight and Cargo Inspectors', 'Transportation Vehicle, Equipment and Systems Inspectors, Except Aviation']",53-605,3.0,61.33333333,8.736894948,54.0,56.5,59.0,65.0,71.0,0.14244937400000002,Luftfa,51123-10,Prüfer/in von Luftfahrtgerät / Certifying Staff,511,True,511
"512 Überwachung,WartungVerkehrsinfrastruktur",14.50,512,512,y,Verkehrstechni,['Traffic Technicians'],53-604,1.0,48.0,0.0,48.0,48.0,48.0,48.0,48.0,0.0,Verkehrstechni,51523-10,Techniker/in - Verkehrstechnik (Eisenbahnbetrieb),515,True,512
"513 Lagerwirt.,Post,Zustellung,Güterumschlag",13.22,513,513,y,Postbeauftragte und Postautomatenbedie,"['Mail Clerks and Mail Machine Operators, Except Postal Service']",43-905,1.0,73.0,0.0,73.0,73.0,73.0,73.0,73.0,0.0,Postbeauftragte und Postautomatenbedie,,,,False,513
"513 Lagerwirt.,Post,Zustellung,Güterumschlag",13.22,513,513,y,Kennzeichnungsverwal,"['Marking Clerks', 'Order Fillers, Wholesale and Retail Sales', 'Stock Clerks- Stockroom, Warehouse, or Storage Yard', 'Stock Clerks, Sales Floor']",43-508,4.0,69.0,11.34313302,58.0,61.75,67.0,74.25,84.0,0.164393232,Kennzeichnungsverwal,,,,False,513
"513 Lagerwirt.,Post,Zustellung,Güterumschlag",13.22,513,513,y,Postmeister und Postbeauftra,['Postmasters and Mail Superintendents'],11-913,1.0,56.0,0.0,56.0,56.0,56.0,56.0,56.0,0.0,Postmeister und Postbeauftra,,,,False,513
"513 Lagerwirt.,Post,Zustellung,Güterumschlag",13.22,513,513,y,Kuriere und Bo,['Couriers and Messengers'],43-502,1.0,45.0,0.0,45.0,45.0,45.0,45.0,45.0,0.0,Kuriere und Bo,52182-10,Botenfahrer/in,521,False,513
"513 Lagerwirt.,Post,Zustellung,Güterumschlag",13.22,513,513,y,Postdie,"['Postal Service Mail Carriers', 'Postal Service Clerks', 'Postal Service Mail Sorters, Processors, and Processing Machine Operators']",43-505,3.0,67.33333333,13.0511813,57.0,60.0,63.0,72.5,82.0,0.193829425,Postdie,51322-10,"Fachkraft - Kurier-, Express- und Postdienstleistungen",513,True,513
"513 Lagerwirt.,Post,Zustellung,Güterumschlag",13.22,513,513,y,Arbeiter und Fra,"['Laborers and Freight, Stock, and Material Movers, Hand', 'Cleaners of Vehicles and Equipment', 'Packers and Packagers, Hand', 'Machine Feeders and Offbearers']",53-706,4.0,60.5,11.44552314,47.0,53.0,62.5,70.0,70.0,0.189182201,Arbeiter und Fra,51632-10,Disponent/in - Güterverkehr,516,True,513
"513 Lagerwirt.,Post,Zustellung,Güterumschlag",13.22,513,513,y,Logistikmana,"['Logistics Managers', 'Transportation Managers', 'Storage and Distribution Managers']",11-307,3.0,47.33333333,5.033222957,42.0,45.0,48.0,50.0,52.0,0.106335696,Logistikmana,51613-10,Betriebswirt/in (Ausbildung) - Verkehr/Logistik,516,True,513
514 Servicekräfte im Personenverkehr,15.67,514,514,y,Transportbeglei,"['Transportation Attendants, Except Flight Attendants']",53-606,1.0,93.0,0.0,93.0,93.0,93.0,93.0,93.0,0.0,Transportbeglei,,,,False,514
514 Servicekräfte im Personenverkehr,15.67,514,514,y,Automo,['Automotive and Watercraft Service Attendants'],53-603,1.0,60.0,0.0,60.0,60.0,60.0,60.0,60.0,0.0,Automo,62272-10,Automobil-Serviceberater/in,622,False,514
514 Servicekräfte im Personenverkehr,15.67,514,514,y,Flugbeglei,['Flight Attendants'],53-203,1.0,96.0,0.0,96.0,96.0,96.0,96.0,96.0,0.0,Flugbeglei,51422-10,Flugbegleiter/in,514,True,514
516 Kaufleute - Verkehr und Logistik,17.91,516,516,y,Logistikingenie,"['Logistics Engineers', 'Logisticians', 'Logistics Analysts']",13-108,3.0,52.66666667,4.725815626,49.0,50.0,51.0,54.5,58.0,0.089730676,Logistikingenie,51624-10,Logistiker/in,516,True,516
521 Fahrzeugführung im Straßenverkehr,12.29,521,521,y,Taxifahrer und Chauffe,['Taxi Drivers and Chauffeurs'],53-304,1.0,79.0,0.0,79.0,79.0,79.0,79.0,79.0,0.0,Taxifahrer und Chauffe,,,,False,521
521 Fahrzeugführung im Straßenverkehr,12.29,521,521,y,Betreiber von Flurförderzeugen und Trakto,['Industrial Truck and Tractor Operators'],53-705,1.0,34.0,0.0,34.0,34.0,34.0,34.0,34.0,0.0,Betreiber von Flurförderzeugen und Trakto,25222-13,Land- und Baumaschinenmechatroniker/in,252,False,521
521 Fahrzeugführung im Straßenverkehr,12.29,521,521,y,Busfah,"['Bus Drivers, School or Special Client', 'Bus Drivers, Transit and Intercity']",53-302,2.0,81.0,4.242640687,78.0,79.5,81.0,82.5,84.0,0.05237828,Busfah,52132-10,Busfahrer/in,521,True,521
523 Fahrzeugführung im Flugverkehr,49.17,523,523,y,Linienpilo,"['Airline Pilots, Copilots, and Flight Engineers', 'Commercial Pilots']",53-201,2.0,82.0,1.4142135619999998,81.0,81.5,82.0,82.5,83.0,0.017246507,Linienpilo,52313-10,Verkehrsflugzeugführer/in (ATPL (A)),523,True,523
524 Fahrzeugführung im Schiffsverkehr,20.64,524,524,y,Matros,"['Mates- Ship, Boat, and Barge', 'Pilots, Ship', 'Ship and Boat Captains', 'Motorboat Operators']",53-502,4.0,73.25,4.34932945,69.0,70.5,72.5,75.25,79.0,0.059376510999999986,Matros,52422-10,Binnenschiffer/in,524,True,524
525 Bau- und Transportgeräteführung,15.36,525,525,y,K,['Crane and Tower Operators'],53-702,1.0,48.0,0.0,48.0,48.0,48.0,48.0,48.0,0.0,K,,,,False,525
"531 Obj.-,Pers.-,Brandschutz,Arbeitssicherh.",13.52,531,531,y,Städtische Feuerwehrle,"['Municipal Firefighters', 'Forest Firefighters']",33-201,2.0,81.5,10.60660172,74.0,77.75,81.5,85.25,89.0,0.130142352,Städtische Feuerwehrle,,,,False,531
"531 Obj.-,Pers.-,Brandschutz,Arbeitssicherh.",13.52,531,531,y,Beauftragte für die Bekämpfung und Verhütung von Waldbrän,"['Forest Fire Fighting and Prevention Supervisors', 'Municipal Fire Fighting and Prevention Supervisors']",33-102,2.0,74.5,2.121320344,73.0,73.75,74.5,75.25,76.0,0.028474099,Beauftragte für die Bekämpfung und Verhütung von Waldbrän,,,,False,531
"531 Obj.-,Pers.-,Brandschutz,Arbeitssicherh.",13.52,531,531,y,Brandinspekto,"['Fire Inspectors', 'Fire Investigators', 'Forest Fire Inspectors and Prevention Specialists']",33-202,3.0,62.66666667,10.26320288,54.0,57.0,60.0,67.0,74.0,0.163774514,Brandinspekto,53133-10,Beamt(er/in) - Feuerwehr (geh. techn. Dienst),531,True,531
"531 Obj.-,Pers.-,Brandschutz,Arbeitssicherh.",13.52,531,531,y,Privatdetektive und Ermitt,['Private Detectives and Investigators'],33-902,1.0,51.0,0.0,51.0,51.0,51.0,51.0,51.0,0.0,Privatdetektive und Ermitt,53152-10,Detektiv/in,531,True,531
"532 Polizei,Kriminald.,Gerichts,Justizvollz.",19.57,532,532,y,Tran,"['Transit and Railroad Police', 'Sheriffs and Deputy Sheriffs', 'Police Patrol Officers']",33-305,3.0,77.0,3.464101615,73.0,76.0,79.0,79.0,79.0,0.044988333,Tran,,,,False,532
"532 Polizei,Kriminald.,Gerichts,Justizvollz.",19.57,532,532,y,Erstrangige Aufsichtsbeamte der Strafvollzugsbeamt,"['First-Line Supervisors of Correctional Officers', 'First-Line Supervisors of Police and Detectives']",33-101,2.0,74.0,4.242640687,71.0,72.5,74.0,75.5,77.0,0.05733298200000001,Erstrangige Aufsichtsbeamte der Strafvollzugsbeamt,,,,False,532
"532 Polizei,Kriminald.,Gerichts,Justizvollz.",19.57,532,532,y,Strafvollzugsbeamte und Gefängniswär,"['Correctional Officers and Jailers', 'Bailiffs']",33-301,2.0,80.5,0.7071067809999999,80.0,80.25,80.5,80.75,81.0,0.008783935,Strafvollzugsbeamte und Gefängniswär,53242-10,Beamt(er/in) - Justizvollzugsdienst (mittl. Dienst),532,True,532
"532 Polizei,Kriminald.,Gerichts,Justizvollz.",19.57,532,532,y,Polizeibea,"['Police Detectives', 'Criminal Investigators and Special Agents', 'Intelligence Analysts', 'Police Identification and Records Officers', 'Immigration and Customs Inspectors']",33-302,5.0,68.8,11.98749348,49.0,68.0,71.0,76.0,80.0,0.17423682399999998,Polizeibea,53223-10,Beamt(er/in) - Bundeskriminaldienst (geh. Dienst),532,True,532
"533 Gewerbe,Gesundheitsaufsicht,Desinfektion",17.23,533,533,y,Schädlingsbekämpfungsarbei,['Pest Control Workers'],37-202,1.0,47.0,0.0,47.0,47.0,47.0,47.0,47.0,0.0,Schädlingsbekämpfungsarbei,,,,False,533
541 Reinigung,10.48,541,541,y,Arbeitnehmer in der Wäscherei und chemischen Reinig,['Laundry and Dry-Cleaning Workers'],51-601,1.0,53.0,0.0,53.0,53.0,53.0,53.0,53.0,0.0,Arbeitnehmer in der Wäscherei und chemischen Reinig,54101-10,Helfer/in - Reinigung,541,True,541
611 Einkauf und Vertrieb,23.70,611,611,y,Beschaffungsbea,['Procurement Clerks'],43-306,1.0,51.0,0.0,51.0,51.0,51.0,51.0,51.0,0.0,Beschaffungsbea,,,,False,611
611 Einkauf und Vertrieb,23.70,611,611,y,Käufer und Einkaufsagen,"['Buyers and Purchasing Agents, Farm Products', 'Wholesale and Retail Buyers, Except Farm Products', 'Purchasing Agents, Except Wholesale, Retail, and Farm Products']",13-102,3.0,48.66666667,10.69267662,37.0,44.0,51.0,54.5,58.0,0.219712533,Käufer und Einkaufsagen,,,,False,611
611 Einkauf und Vertrieb,23.70,611,611,y,Einkaufslei,['Purchasing Managers'],11-306,1.0,41.0,0.0,41.0,41.0,41.0,41.0,41.0,0.0,Einkaufslei,61113-10,Einkäufer/in,611,True,611
611 Einkauf und Vertrieb,23.70,611,611,y,Vertriebsingenie,['Sales Engineers'],41-903,1.0,36.0,0.0,36.0,36.0,36.0,36.0,36.0,0.0,Vertriebsingenie,61124-10,Vertriebsingenieur/in,611,True,611
"613 Immobilienwirtschaft,Facility-Management",19.21,613,613,y,Gutach,"['Appraisers, Real Estate', 'Assessors']",13-202,2.0,46.0,16.97056275,34.0,40.0,46.0,52.0,58.0,0.3689252770000001,Gutach,31164-10,Bausachverständige/r,311,False,613
"613 Immobilienwirtschaft,Facility-Management",19.21,613,613,y,Immobilienmak,"['Real Estate Brokers', 'Real Estate Sales Agents']",41-902,2.0,62.5,12.02081528,54.0,58.25,62.5,66.75,71.0,0.192333044,Immobilienmak,61313-10,Immobilienmakler/in,613,True,613
"613 Immobilienwirtschaft,Facility-Management",19.21,613,613,y,Manager von Grundstü,"['Property, Real Estate, and Community Association Managers']",11-914,1.0,51.0,0.0,51.0,51.0,51.0,51.0,51.0,0.0,Manager von Grundstü,61313-11,Betriebswirt/in (Fachschule) - Immobilien,613,True,613
621 Verkauf (ohne Produktspezialisierung),13.93,621,621,y,Spielgeldwechsler und Standkassie,"['Gaming Change Persons and Booth Cashiers', 'Cashiers']",41-201,2.0,72.5,3.5355339060000004,70.0,71.25,72.5,73.75,75.0,0.048765985,Spielgeldwechsler und Standkassie,,,,False,621
621 Verkauf (ohne Produktspezialisierung),13.93,621,621,y,Erstrangige Aufsichtsbeamte für Verkäufer im Einzelhand,"['First-Line Supervisors of Retail Sales Workers', 'First-Line Supervisors of Non-Retail Sales Workers']",41-101,2.0,54.5,16.26345597,43.0,48.75,54.5,60.25,66.0,0.298412036,Erstrangige Aufsichtsbeamte für Verkäufer im Einzelhand,,,,False,621
631 Tourismus und Sport,13.65,631,631,y,Reiseleiter und Beglei,"['Tour Guides and Escorts', 'Travel Guides']",39-701,2.0,62.5,13.43502884,53.0,57.75,62.5,67.25,72.0,0.214960461,Reiseleiter und Beglei,,,,False,631
631 Tourismus und Sport,13.65,631,631,y,Reisebü,['Travel Agents'],41-304,1.0,55.0,0.0,55.0,55.0,55.0,55.0,55.0,0.0,Reisebü,63112-11,Reisebüromitarbeiter/in,631,True,631
632 Hotellerie,11.03,632,632,y,Schreibtischmitarbeiter in Hot,"['Hotel, Motel, and Resort Desk Clerks']",43-408,1.0,64.0,0.0,64.0,64.0,64.0,64.0,64.0,0.0,Schreibtischmitarbeiter in Hot,63212-10,Hotelsekretär/in,632,True,632
632 Hotellerie,11.03,632,632,y,Hoteldirekto,['Lodging Managers'],11-908,1.0,49.0,0.0,49.0,49.0,49.0,49.0,49.0,0.0,Hoteldirekto,63294-10,Hoteldirektor/in,632,True,632
633 Gastronomie,10.07,633,633,y,Speisezim,['Dining Room and Cafeteria Attendants and Bartender Helpers'],35-901,1.0,82.0,0.0,82.0,82.0,82.0,82.0,82.0,0.0,Speisezim,,,,False,633
633 Gastronomie,10.07,633,633,y,Kellner und Kellnerinn,['Waiters and Waitresses'],35-303,1.0,78.0,0.0,78.0,78.0,78.0,78.0,78.0,0.0,Kellner und Kellnerinn,,,,False,633
633 Gastronomie,10.07,633,633,y,Schalterbedienst,"['Counter Attendants, Cafeteria, Food Concession, and Coffee Shop', 'Combined Food Preparation and Serving Workers, Including Fast Food', 'Baristas']",35-302,3.0,74.0,1.0,73.0,73.5,74.0,74.5,75.0,0.013513514,Schalterbedienst,,,,False,633
633 Gastronomie,10.07,633,633,y,Speisenausg,"['Food Servers, Nonrestaurant']",35-304,1.0,72.0,0.0,72.0,72.0,72.0,72.0,72.0,0.0,Speisenausg,,,,False,633
633 Gastronomie,10.07,633,633,y,Barkeep,['Bartenders'],35-301,1.0,79.0,0.0,79.0,79.0,79.0,79.0,79.0,0.0,Barkeep,63322-10,"Barmixer/in, Barkeeper/in",633,True,633
633 Gastronomie,10.07,633,633,y,('Geschirrspüler',['Dishwashers'],35-902,1.0,63.0,0.0,63.0,63.0,63.0,63.0,63.0,0.0,('Geschirrspüler',63301-10,Helfer/in - Gastgewerbe,633,True,633
"634 Veranstaltungsservice, -management",16.10,634,634,y,Tagu,"['Meeting, Convention, and Event Planners']",13-112,1.0,72.0,0.0,72.0,72.0,72.0,72.0,72.0,0.0,Tagu,63403-10,Betriebswirt/in (Fachschule) - Event-Management,634,True,634
713 Unternehmensorganisation und -strategie,23.17,713,713,y,Operations Research Analys,['Operations Research Analysts'],15-203,1.0,41.0,0.0,41.0,41.0,41.0,41.0,41.0,0.0,Operations Research Analys,,,,False,713
713 Unternehmensorganisation und -strategie,23.17,713,713,y,Managem,['Management Analysts'],13-111,1.0,41.0,0.0,41.0,41.0,41.0,41.0,41.0,0.0,Managem,71403-11,Managementassistent/in (doppelqual. Ausbildung),714,True,713
714 Büro und Sekretariat,16.81,714,714,y,Büromaschinenbedie,"['Office Machine Operators, Except Computer']",43-907,1.0,56.0,0.0,56.0,56.0,56.0,56.0,56.0,0.0,Büromaschinenbedie,,,,False,714
714 Büro und Sekretariat,16.81,714,714,y,Korrekturleser und Kopiermarkie,['Proofreaders and Copy Markers'],43-908,1.0,53.0,0.0,53.0,53.0,53.0,53.0,53.0,0.0,Korrekturleser und Kopiermarkie,,,,False,714
714 Büro und Sekretariat,16.81,714,714,y,Sekretäre und Verwaltungsassisten,"['Secretaries and Administrative Assistants, Except Legal, Medical, and Executive', 'Executive Secretaries and Executive Administrative Assistants', 'Legal Secretaries', 'Medical Secretaries']",43-601,4.0,48.5,15.08862706,39.0,40.5,42.0,50.0,71.0,0.311105713,Sekretäre und Verwaltungsassisten,,,,False,714
714 Büro und Sekretariat,16.81,714,714,y,Vorgesetzte der ersten Linie der B,['First-Line Supervisors of Office and Administrative Support Workers'],43-101,1.0,47.0,0.0,47.0,47.0,47.0,47.0,47.0,0.0,Vorgesetzte der ersten Linie der B,,,,False,714
714 Büro und Sekretariat,16.81,714,714,y,Dolmetscher und Überset,['Interpreters and Translators'],27-309,1.0,66.0,0.0,66.0,66.0,66.0,66.0,66.0,0.0,Dolmetscher und Überset,71424-10,Dolmetscher/in / Übersetzer/in,714,True,714
714 Büro und Sekretariat,16.81,714,714,y,Dateneing,"['Data Entry Keyers', 'Word Processors and Typists']",43-902,2.0,52.0,7.071067812000001,47.0,49.5,52.0,54.5,57.0,0.135982073,Dateneing,71401-11,Datenerfasser/in,714,True,714
714 Büro und Sekretariat,16.81,714,714,y,Korrespond,['Correspondence Clerks'],43-402,1.0,43.0,0.0,43.0,43.0,43.0,43.0,43.0,0.0,Korrespond,71413-10,Fremdsprachenkorrespondent/in (Ausbildung),714,True,714
715 Personalwesen und -dienstleistung,22.33,715,715,y,Spezialisten für Arbeitsbeziehun,"['Labor Relations Specialists', 'Farm Labor Contractors', 'Human Resources Specialists']",13-107,3.0,52.66666667,12.58305739,41.0,46.0,51.0,58.5,66.0,0.238918811,Spezialisten für Arbeitsbeziehun,,,,False,715
715 Personalwesen und -dienstleistung,22.33,715,715,y,Manager für Ausbildung und Entwickl,['Training and Development Managers'],11-313,1.0,46.0,0.0,46.0,46.0,46.0,46.0,46.0,0.0,Manager für Ausbildung und Entwickl,,,,False,715
715 Personalwesen und -dienstleistung,22.33,715,715,y,Assistenten der Personalabteil,"['Human Resources Assistants, Except Payroll and Timekeeping']",43-416,1.0,53.0,0.0,53.0,53.0,53.0,53.0,53.0,0.0,Assistenten der Personalabteil,71523-10,Fachwirt/in - Personaldienstleistung,715,True,715
715 Personalwesen und -dienstleistung,22.33,715,715,y,Personalch,['Human Resources Managers'],11-312,1.0,41.0,0.0,41.0,41.0,41.0,41.0,41.0,0.0,Personalch,71594-10,Leiter/in - Personal,715,True,715
721 Versicherungs- u. Finanzdienstleistungen,23.28,721,721,y,Kreditbevollmächti,"['Credit Authorizers', 'Credit Checkers']",43-404,2.0,62.0,9.899494937,55.0,58.5,62.0,65.5,69.0,0.159669273,Kreditbevollmächti,,,,False,721
721 Versicherungs- u. Finanzdienstleistungen,23.28,721,721,y,Versicherungsvermitt,['Insurance Sales Agents'],41-302,1.0,61.0,0.0,61.0,61.0,61.0,61.0,61.0,0.0,Versicherungsvermitt,,,,False,721
721 Versicherungs- u. Finanzdienstleistungen,23.28,721,721,y,Kre,['Credit Analysts'],13-204,1.0,49.0,0.0,49.0,49.0,49.0,49.0,49.0,0.0,Kre,84434-10,Kreativitätspädagoge/-pädagogin,844,False,721
721 Versicherungs- u. Finanzdienstleistungen,23.28,721,721,y,Sachbearbeiter für die Bearbeitung von Versicherungspoli,"['Insurance Policy Processing Clerks', 'Insurance Claims Clerks']",43-904,2.0,49.0,4.242640687,46.0,47.5,49.0,50.5,52.0,0.086584504,Sachbearbeiter für die Bearbeitung von Versicherungspoli,,,,False,721
721 Versicherungs- u. Finanzdienstleistungen,23.28,721,721,y,Versicherungssachverständ,"['Insurance Adjusters, Examiners, and Investigators', 'Claims Examiners, Property and Casualty Insurance', 'Insurance Appraisers, Auto Damage']",13-103,3.0,46.66666667,8.144527815,41.0,42.0,43.0,49.5,56.0,0.174525596,Versicherungssachverständ,,,,False,721
721 Versicherungs- u. Finanzdienstleistungen,23.28,721,721,y,Persönliche Finanzbera,"['Personal Financial Advisors', 'Insurance Underwriters', 'Financial Analysts']",13-205,3.0,45.33333333,7.637626158,37.0,42.0,47.0,49.5,52.0,0.16847704800000002,Persönliche Finanzbera,72124-10,Anlageberater/in,721,True,721
"722 Rechnungswesen, Controlling und Revision",21.84,722,722,y,Kostenschät,['Cost Estimators'],13-105,1.0,44.0,0.0,44.0,44.0,44.0,44.0,44.0,0.0,Kostenschät,,,,False,722
"722 Rechnungswesen, Controlling und Revision",21.84,722,722,y,Haushaltsanalyti,['Budget Analysts'],13-203,1.0,43.0,0.0,43.0,43.0,43.0,43.0,43.0,0.0,Haushaltsanalyti,,,,False,722
"722 Rechnungswesen, Controlling und Revision",21.84,722,722,y,Rechnu,"['Billing, Cost, and Rate Clerks', 'Statement Clerks']",43-302,2.0,59.0,18.38477631,46.0,52.5,59.0,65.5,72.0,0.311606378,Rechnu,72214-10,Rechnungsprüfer/in,722,True,722
"722 Rechnungswesen, Controlling und Revision",21.84,722,722,y,Sachbearbeiter für neue Kon,['New Accounts Clerks'],43-414,1.0,59.0,0.0,59.0,59.0,59.0,59.0,59.0,0.0,Sachbearbeiter für neue Kon,72112-10,Bankkaufmann/-frau,721,True,722
"722 Rechnungswesen, Controlling und Revision",21.84,722,722,y,Wirtschaftsprü,"['Auditors', 'Accountants']",13-201,2.0,46.0,9.899494937,39.0,42.5,46.0,49.5,53.0,0.215206412,Wirtschaftsprü,72244-10,Wirtschaftsprüfer/in,722,True,722
"722 Rechnungswesen, Controlling und Revision",21.84,722,722,y,Rechnu,['Bill and Account Collectors'],43-301,1.0,45.0,0.0,45.0,45.0,45.0,45.0,45.0,0.0,Rechnu,72214-10,Rechnungsprüfer/in,722,True,722
"722 Rechnungswesen, Controlling und Revision",21.84,722,722,y,Schatzmeister und Rechnungsprü,"['Treasurers and Controllers', 'Financial Managers, Branch or Department']",11-303,2.0,44.0,12.72792206,35.0,39.5,44.0,48.5,53.0,0.289270956,Schatzmeister und Rechnungsprü,72214-10,Rechnungsprüfer/in,722,True,722
"722 Rechnungswesen, Controlling und Revision",21.84,722,722,y,Sachbearbeiter für Buchhalt,"['Bookkeeping, Accounting, and Auditing Clerks']",43-303,1.0,44.0,0.0,44.0,44.0,44.0,44.0,44.0,0.0,Sachbearbeiter für Buchhalt,72213-11,Assistent/in/Fachkraft - Rechnungswesen,722,True,722
"722 Rechnungswesen, Controlling und Revision",21.84,722,722,y,Kreditsachbearbei,"['Loan Officers', 'Credit Counselors', 'Loan Counselors']",13-207,3.0,43.33333333,4.163331999,40.0,41.0,42.0,45.0,48.0,0.096076892,Kreditsachbearbei,72113-10,Kreditsachbearbeiter/in,721,True,722
"731 Rechtsberatung, -sprechung und -ordnung",22.67,731,731,y,Schiedsrich,"['Arbitrators, Mediators, and Conciliators', 'Administrative Law Judges, Adjudicators, and Hearing Officers', 'Judges, Magistrate Judges, and Magistrates']",23-102,3.0,58.0,6.0,52.0,55.0,58.0,61.0,64.0,0.103448276,Schiedsrich,,,,False,731
"731 Rechtsberatung, -sprechung und -ordnung",22.67,731,731,y,Rechtsanwaltsgehilfen und Rechtsassisten,['Paralegals and Legal Assistants'],23-201,1.0,39.0,0.0,39.0,39.0,39.0,39.0,39.0,0.0,Rechtsanwaltsgehilfen und Rechtsassisten,,,,False,731
"731 Rechtsberatung, -sprechung und -ordnung",22.67,731,731,y,Gerichtssachbearbei,"['Judicial Law Clerks', 'Lawyers']",23-101,2.0,33.5,0.7071067809999999,33.0,33.25,33.5,33.75,34.0,0.021107665,Gerichtssachbearbei,,,,False,731
732 Verwaltung,18.99,732,732,y,Steuerprüfer und Steuereintreiber und Steuerbevollmächti,"['Tax Examiners and Collectors, and Revenue Agents', 'Tax Preparers']",13-208,2.0,56.0,1.4142135619999998,55.0,55.5,56.0,56.5,57.0,0.025253814,Steuerprüfer und Steuereintreiber und Steuerbevollmächti,72304-10,Steuerberater/in,723,False,732
732 Verwaltung,18.99,732,732,y,Anspruchsberechtigu,"['Eligibility Interviewers, Government Programs']",43-406,1.0,56.0,0.0,56.0,56.0,56.0,56.0,56.0,0.0,Anspruchsberechtigu,,,,False,732
732 Verwaltung,18.99,732,732,y,Rezeptionisten und Informationsmitarbei,['Receptionists and Information Clerks'],43-417,1.0,52.0,0.0,52.0,52.0,52.0,52.0,52.0,0.0,Rezeptionisten und Informationsmitarbei,,,,False,732
732 Verwaltung,18.99,732,732,y,Produkt,"['Production, Planning, and Expediting Clerks']",43-506,1.0,52.0,0.0,52.0,52.0,52.0,52.0,52.0,0.0,Produkt,27104-15,Produktingenieur/in,271,False,732
732 Verwaltung,18.99,732,732,y,Leiter der Verwaltungsdien,['Administrative Services Managers'],11-301,1.0,45.0,0.0,45.0,45.0,45.0,45.0,45.0,0.0,Leiter der Verwaltungsdien,,,,False,732
733 Medien-Dokumentations-Informationsdienst,19.18,733,733,y,Bibliothekstechni,['Library Technicians'],25-403,1.0,62.0,0.0,62.0,62.0,62.0,62.0,62.0,0.0,Bibliothekstechni,,,,False,733
733 Medien-Dokumentations-Informationsdienst,19.18,733,733,y,BibliothekswissenschaftslehrerIn,"['Library Science Teachers, Postsecondary', 'Education Teachers, Postsecondary']",25-108,2.0,42.5,2.121320344,41.0,41.75,42.5,43.25,44.0,0.04991342,BibliothekswissenschaftslehrerIn,,,,False,733
733 Medien-Dokumentations-Informationsdienst,19.18,733,733,y,Bibliotheksassisten,"['Library Assistants, Clerical']",43-412,1.0,73.0,0.0,73.0,73.0,73.0,73.0,73.0,0.0,Bibliotheksassisten,73322-10,Fachangestellte/r für Medien- u. Info.Dienste - Bibliothek,733,True,733
733 Medien-Dokumentations-Informationsdienst,19.18,733,733,y,Bibliothek,['Librarians'],25-402,1.0,52.0,0.0,52.0,52.0,52.0,52.0,52.0,0.0,Bibliothek,73324-10,Beamt(er/in) - Bibliothekswesen (geh. Dienst),733,True,733
733 Medien-Dokumentations-Informationsdienst,19.18,733,733,y,Archiv,"['Archivists', 'Curators', 'Museum Technicians and Conservators']",25-401,3.0,47.66666667,6.350852961,44.0,44.0,44.0,49.5,55.0,0.133234678,Archiv,73314-10,Archivar/in,733,True,733
811 Arzt- und Praxishilfe,11.99,811,811,y,Arzthelferin,"['Physician Assistants', 'Anesthesiologist Assistants']",29-107,2.0,88.0,0.0,88.0,88.0,88.0,88.0,88.0,0.0,Arzthelferin,81102-10,Medizinische/r Fachangestellte/r,811,True,811
812 Medizinisches Laboratorium,18.47,812,812,y,Medizinische und klinische Labortechni,"['Medical and Clinical Laboratory Technologists', 'Cytotechnologists', 'Medical and Clinical Laboratory Technicians', 'Histotechnologists and Histologic Technicians', 'Cytogenetic Technologists']",29-201,5.0,62.4,8.35463943,49.0,63.0,63.0,65.0,72.0,0.133888452,Medizinische und klinische Labortechni,41322-11,Chemielaborant/in,413,False,812
812 Medizinisches Laboratorium,18.47,812,812,y,Ophthalmologische Labortechni,"['Ophthalmic Laboratory Technicians', 'Medical Appliance Technicians', 'Dental Laboratory Technicians']",51-908,3.0,62.33333333,9.018499506,53.0,58.0,63.0,67.0,71.0,0.14468181,Ophthalmologische Labortechni,41322-11,Chemielaborant/in,413,False,812
"813 Gesundh.,Krankenpfl.,Rettungsd.Geburtsh.",17.86,813,813,y,Krankenschwes,['Nurse Midwives'],29-116,1.0,97.0,0.0,97.0,97.0,97.0,97.0,97.0,0.0,Krankenschwes,82182-10,Ambulante/r Pfleger/in,821,False,813
"813 Gesundh.,Krankenpfl.,Rettungsd.Geburtsh.",17.86,813,813,y,Ambulanzfahrer und Betre,"['Ambulance Drivers and Attendants, Except Emergency Medical Technicians']",53-301,1.0,90.0,0.0,90.0,90.0,90.0,90.0,90.0,0.0,Ambulanzfahrer und Betre,83124-12,Rechtliche/r Betreuer/in,831,False,813
"813 Gesundh.,Krankenpfl.,Rettungsd.Geburtsh.",17.86,813,813,y,Registrierte Krankenschweste,"['Registered Nurses', 'Advanced Practice Psychiatric Nurses', 'Clinical Nurse Specialists', 'Critical Care Nurses', 'Acute Care Nurses']",29-114,5.0,88.0,8.746427842000001,77.0,80.0,94.0,94.0,95.0,0.099391225,Registrierte Krankenschweste,,,,False,813
"813 Gesundh.,Krankenpfl.,Rettungsd.Geburtsh.",17.86,813,813,y,Krankenschwes,['Nurse Practitioners'],29-117,1.0,85.0,0.0,85.0,85.0,85.0,85.0,85.0,0.0,Krankenschwes,82182-10,Ambulante/r Pfleger/in,821,False,813
"813 Gesundh.,Krankenpfl.,Rettungsd.Geburtsh.",17.86,813,813,y,Direktoren für Notfallmanagem,['Emergency Management Directors'],11-916,1.0,52.0,0.0,52.0,52.0,52.0,52.0,52.0,0.0,Direktoren für Notfallmanagem,,,,False,813
"813 Gesundh.,Krankenpfl.,Rettungsd.Geburtsh.",17.86,813,813,y,Medizinische Notfalltechniker und Rettungssanitä,['Emergency Medical Technicians and Paramedics'],29-204,1.0,97.0,0.0,97.0,97.0,97.0,97.0,97.0,0.0,Medizinische Notfalltechniker und Rettungssanitä,81342-10,Rettungssanitäter/in,813,True,813
"813 Gesundh.,Krankenpfl.,Rettungsd.Geburtsh.",17.86,813,813,y,Anästhe,['Nurse Anesthetists'],29-115,1.0,87.0,0.0,87.0,87.0,87.0,87.0,87.0,0.0,Anästhe,81323-10,Fachkinderkrankenpfleger/in - Intensivpflege/Anästhesie,813,True,813
814 Human- und Zahnmedizin,36.96,814,814,y,Dentalhygieni,['Dental Hygienists'],29-202,1.0,100.0,0.0,100.0,100.0,100.0,100.0,100.0,0.0,Dentalhygieni,81113-10,Dentalhygieniker/in,811,True,814
814 Human- und Zahnmedizin,36.96,814,814,y,Kieferorthopä,"['Orthodontists', 'Oral and Maxillofacial Surgeons', 'Prosthodontists', 'Dentists, General']",29-102,4.0,97.0,3.366501646,92.0,96.5,98.5,99.0,99.0,0.034706203,Kieferorthopä,81113-10,Kieferorthopädische/r Fachhelfer/in,811,True,814
814 Human- und Zahnmedizin,36.96,814,814,y,Anästhesist,"['Anesthesiologists', 'Hospitalists', 'Nuclear Medicine Physicians', 'Ophthalmologists', 'Pediatricians, General', 'Internists, General', 'Physical Medicine and Rehabilitation Physicians', 'Dermatologists', 'Neurologists', 'Sports Medicine Physicians', 'Pathologists', 'Psychiatrists', 'Urologists', 'Radiologists', 'Preventive Medicine Physicians', 'Allergists and Immunologists', 'Family and General Practitioners', 'Surgeons', 'Obstetricians and Gynecologists']",29-106,19.0,83.05263158,18.10301904,32.0,74.0,91.0,95.5,100.0,0.217970445,Anästhesist,81454-10,Facharzt/-ärztin - Anästhesiologie,814,True,814
815 Tiermedizin und Tierheilkunde,19.89,815,815,y,Tierär,['Veterinarians'],29-113,1.0,91.0,0.0,91.0,91.0,91.0,91.0,91.0,0.0,Tierär,81504-10,Tierarzt/Tierärztin,815,True,815
"816 Psychologie, nichtärztl. Psychotherapie",24.08,816,816,y,Schulpsycholo,"['School Psychologists', 'Neuropsychologists and Clinical Neuropsychologists', 'Industrial-Organizational Psychologists', 'Clinical Psychologists', 'Counseling Psychologists']",19-303,5.0,55.2,12.19426095,40.0,47.0,56.0,62.0,71.0,0.220910524,Schulpsycholo,81624-10,Schulpsychologe/-psychologin,816,True,816
817 Nicht ärztliche Therapie und Heilkunde,13.29,817,817,y,Sprachpatholo,"['Speech-Language Pathologists', 'Physical Therapists', 'Respiratory Therapists', 'Exercise Physiologists', 'Low Vision Therapists, Orientation and Mobility Specialists, and Vision Rehabilitation Therapists', 'Art Therapists', 'Radiation Therapists', 'Music Therapists', 'Recreational Therapists', 'Occupational Therapists']",29-112,10.0,88.9,8.569325139,73.0,84.5,90.5,94.5,100.0,0.096392859,Sprachpatholo,,,,False,817
817 Nicht ärztliche Therapie und Heilkunde,13.29,817,817,y,Chiroprakti,['Chiropractors'],29-101,1.0,96.0,0.0,96.0,96.0,96.0,96.0,96.0,0.0,Chiroprakti,81434-10,Facharzt/-ärztin - Orthopädie und Unfallchirurgie,814,True,817
817 Nicht ärztliche Therapie und Heilkunde,13.29,817,817,y,Physiotherapeu,"['Physical Therapist Aides', 'Physical Therapist Assistants']",31-202,2.0,94.5,0.7071067809999999,94.0,94.25,94.5,94.75,95.0,0.007482611,Physiotherapeu,81713-10,Physiotherapeut/in,817,True,817
817 Nicht ärztliche Therapie und Heilkunde,13.29,817,817,y,Akupunkte,"['Acupuncturists', 'Orthoptists', 'Naturopathic Physicians']",29-119,3.0,90.0,1.732050808,88.0,89.5,91.0,91.0,91.0,0.019245009,Akupunkte,81752-10,Heilpraktiker/in,817,True,817
817 Nicht ärztliche Therapie und Heilkunde,13.29,817,817,y,Mass,['Massage Therapists'],31-901,1.0,89.0,0.0,89.0,89.0,89.0,89.0,89.0,0.0,Mass,81712-10,Masseur/in und medizinische/r Bademeister/in,817,True,817
818 Pharmazie,20.80,818,818,y,Apothekenhelferinn,"['Pharmacy Aides', 'Speech-Language Pathology Assistants', 'Dental Assistants', 'Medical Equipment Preparers', 'Endoscopy Technicians', 'Phlebotomists', 'Medical Assistants', 'Medical Transcriptionists', 'Veterinary Assistants and Laboratory Animal Caretakers']",31-909,9.0,79.22222222,15.69058458,42.0,77.0,82.0,88.0,99.0,0.19805787,Apothekenhelferinn,,,,False,818
818 Pharmazie,20.80,818,818,y,Apothe,['Pharmacists'],29-105,1.0,72.0,0.0,72.0,72.0,72.0,72.0,72.0,0.0,Apothe,81804-10,Apotheker/in,818,True,818
"822 Ernährungs-,Gesundheitsberatung,Wellness",17.79,822,822,y,Soz,"['Social and Human Service Assistants', 'Community Health Workers', 'Health Educators', 'Probation Officers and Correctional Treatment Specialists']",21-109,4.0,69.0,10.29563014,57.0,62.25,70.0,76.75,79.0,0.149212031,Soz,91264-10,Sozial- und Kulturanthropologe/-anthropologin,912,False,822
"822 Ernährungs-,Gesundheitsberatung,Wellness",17.79,822,822,y,Patientenvertre,"['Patient Representatives', 'Customer Service Representatives']",43-405,2.0,67.0,12.72792206,58.0,62.5,67.0,71.5,76.0,0.189968986,Patientenvertre,,,,False,822
823 Körperpflege,8.77,823,823,y,Barbi,"['Barbers', 'Hairdressers, Hairstylists, and Cosmetologists']",39-501,2.0,93.5,2.121320344,92.0,92.75,93.5,94.25,95.0,0.022687918,Barbi,82312-10,Herrenfriseur/in,823,True,823
823 Körperpflege,8.77,823,823,y,Maskenbild,"['Makeup Artists, Theatrical and Performance', 'Manicurists and Pedicurists', 'Shampooers', 'Skincare Specialists']",39-509,4.0,91.5,5.446711546,86.0,89.0,90.5,93.0,99.0,0.059526902,Maskenbild,82342-10,Maskenbildner/in,823,True,823
824 Bestattungswesen,12.92,824,824,y,Bestattungshel,['Funeral Attendants'],39-402,1.0,79.0,0.0,79.0,79.0,79.0,79.0,79.0,0.0,Bestattungshel,,,,False,824
824 Bestattungswesen,12.92,824,824,y,Einbalsamie,['Embalmers'],39-401,1.0,64.0,0.0,64.0,64.0,64.0,64.0,64.0,0.0,Einbalsamie,,,,False,824
824 Bestattungswesen,12.92,824,824,y,Bestattungsdie,['Funeral Service Managers'],11-906,1.0,60.0,0.0,60.0,60.0,60.0,60.0,60.0,0.0,Bestattungsdie,,,,False,824
824 Bestattungswesen,12.92,824,824,y,Leichenbestat,"['Morticians, Undertakers, and Funeral Directors']",39-403,1.0,72.0,0.0,72.0,72.0,72.0,72.0,72.0,0.0,Leichenbestat,82402-10,Bestatter/in (Weiterbildung),824,True,824
"825 Medizin-, Orthopädie- und Rehatechnik",14.05,825,825,y,Optometris,['Optometrists'],29-104,1.0,90.0,0.0,90.0,90.0,90.0,90.0,90.0,0.0,Optometris,,,,False,825
"825 Medizin-, Orthopädie- und Rehatechnik",14.05,825,825,y,Opti,"['Opticians, Dispensing']",29-208,1.0,83.0,0.0,83.0,83.0,83.0,83.0,83.0,0.0,Opti,21362-10,Feinoptiker/in,213,False,825
"825 Medizin-, Orthopädie- und Rehatechnik",14.05,825,825,y,Audiolo,['Audiologists'],29-118,1.0,67.0,0.0,67.0,67.0,67.0,67.0,67.0,0.0,Audiolo,81222-10,HNO-Audiologieassistent/in,812,False,825
"831 Erziehung,Sozialarb.,Heilerziehungspfl.",16.90,831,831,y,Berater für Rehabilitati,"['Rehabilitation Counselors', 'Substance Abuse and Behavioral Disorder Counselors', 'Mental Health Counselors', 'Educational, Guidance, School, and Vocational Counselors', 'Marriage and Family Therapists']",21-101,5.0,61.6,4.335896678,58.0,58.0,60.0,64.0,68.0,0.070387933,Berater für Rehabilitati,,,,False,831
"831 Erziehung,Sozialarb.,Heilerziehungspfl.",16.90,831,831,y,Kindergärtnerin,"['Kindergarten Teachers, Except Special Education', 'Preschool Teachers, Except Special Education']",25-201,2.0,81.0,7.071067812000001,76.0,78.5,81.0,83.5,86.0,0.08729713300000001,Kindergärtnerin,83112-10,Erzieher/in,831,True,831
"831 Erziehung,Sozialarb.,Heilerziehungspfl.",16.90,831,831,y,Kinderbetreuerin,"['Childcare Workers', 'Nannies']",39-901,2.0,75.0,9.899494937,68.0,71.5,75.0,78.5,82.0,0.131993266,Kinderbetreuerin,83111-10,Kinderbetreuer/in,831,True,831
833 Theologie und Gemeindearbeit,23.78,833,833,y,Kle,['Clergy'],21-201,1.0,55.0,0.0,55.0,55.0,55.0,55.0,55.0,0.0,Kle,,,,False,833
841 Lehrtätigkeit an allgemeinbild. Schulen,24.77,841,841,y,Leh,['Teacher Assistants'],25-904,1.0,88.0,0.0,88.0,88.0,88.0,88.0,88.0,0.0,Leh,,,,False,841
841 Lehrtätigkeit an allgemeinbild. Schulen,24.77,841,841,y,Lehrer der Mittelst,"['Middle School Teachers, Except Special and Career/Technical Education', 'Career/Technical Education Teachers, Middle School', 'Elementary School Teachers, Except Special Education']",25-202,3.0,75.66666667,4.932882862,70.0,74.0,78.0,78.5,79.0,0.065192285,Lehrer der Mittelst,,,,False,841
841 Lehrtätigkeit an allgemeinbild. Schulen,24.77,841,841,y,Lehrer für Berufsausbild,"['Vocational Education Teachers, Postsecondary', 'Graduate Teaching Assistants', 'Home Economics Teachers, Postsecondary', 'Recreation and Fitness Studies Teachers, Postsecondary']",25-119,4.0,60.75,11.8988795,47.0,56.0,60.0,64.75,76.0,0.195866329,Lehrer für Berufsausbild,84223-17,Aus- und Weiterbildungspädagoge/-pädagogin,842,True,841
"842 Lehrt.berufsb.Fächer,betr.Ausb.,Betr.päd",25.24,842,842,y,Bildungsadministrato,"['Education Administrators, Postsecondary', 'Fitness and Wellness Coordinators', 'Distance Learning Coordinators', 'Education Administrators, Preschool and Childcare Center/Program', 'Education Administrators, Elementary and Secondary School']",11-903,5.0,55.6,14.84250653,38.0,47.0,52.0,66.0,75.0,0.26695155600000003,Bildungsadministrato,,,,False,842
"842 Lehrt.berufsb.Fächer,betr.Ausb.,Betr.päd",25.24,842,842,y,Krankenpflegeausbilder u,"['Nursing Instructors and Teachers, Postsecondary', 'Health Specialties Teachers, Postsecondary']",25-107,2.0,60.0,8.485281374,54.0,57.0,60.0,63.0,66.0,0.141421356,Krankenpflegeausbilder u,84553-11,Tai-Chi-Chuan- und Qigong-Lehrer/in,845,True,842
"843 Lehr-,Forschungstätigkeit an Hochschulen",27.13,843,843,y,Architekturleh,"['Architecture Teachers, Postsecondary', 'Engineering Teachers, Postsecondary']",25-103,2.0,54.5,30.40559159,33.0,43.75,54.5,65.25,76.0,0.557900763,Architekturleh,,,,False,843
"843 Lehr-,Forschungstätigkeit an Hochschulen",27.13,843,843,y,MathematiklehrerInnen für Naturwissenschaf,"['Mathematical Science Teachers, Postsecondary', 'Computer Science Teachers, Postsecondary']",25-102,2.0,53.5,6.3639610310000005,49.0,51.25,53.5,55.75,58.0,0.118952543,MathematiklehrerInnen für Naturwissenschaf,41234-10,Agrarbiologe/-biologin,412,False,843
"843 Lehr-,Forschungstätigkeit an Hochschulen",27.13,843,843,y,Lehrer für Atmosphä,"['Atmospheric, Earth, Marine, and Space Sciences Teachers, Postsecondary', 'Chemistry Teachers, Postsecondary', 'Environmental Science Teachers, Postsecondary', 'Physics Teachers, Postsecondary']",25-105,4.0,46.75,8.421203398,37.0,42.25,46.5,51.0,57.0,0.180132693,Lehrer für Atmosphä,,,,False,843
"843 Lehr-,Forschungstätigkeit an Hochschulen",27.13,843,843,y,SozialarbeitslehrerIn,"['Social Work Teachers, Postsecondary', 'Law Teachers, Postsecondary', 'Criminal Justice and Law Enforcement Teachers, Postsecondary']",25-111,3.0,44.0,11.78982612,34.0,37.5,41.0,49.0,57.0,0.267950594,SozialarbeitslehrerIn,,,,False,843
"843 Lehr-,Forschungstätigkeit an Hochschulen",27.13,843,843,y,Wirtschaftsleh,"['Business Teachers, Postsecondary']",25-101,1.0,48.0,0.0,48.0,48.0,48.0,48.0,48.0,0.0,Wirtschaftsleh,84214-13,Wirtschaftspädagoge/-pädagogin,842,True,843
"845 Fahr-,Sportunterricht außerschul. Bild.",14.46,845,845,y,Fitnesstrainer und Aero,"['Fitness Trainers and Aerobics Instructors', 'Recreation Workers']",39-903,2.0,77.5,7.778174592999999,72.0,74.75,77.5,80.25,83.0,0.100363543,Fitnesstrainer und Aero,,,,False,845
"845 Fahr-,Sportunterricht außerschul. Bild.",14.46,845,845,y,Schiedsrich,"['Umpires, Referees, and Other Sports Officials', 'Coaches and Scouts', 'Athletes and Sports Competitors']",27-202,3.0,68.0,7.937253932999999,59.0,65.0,71.0,72.5,74.0,0.116724323,Schiedsrich,,,,False,845
913 Gesellschaftswissenschaften,19.73,913,913,y,Umfrage Forsc,['Survey Researchers'],19-302,1.0,40.0,0.0,40.0,40.0,40.0,40.0,40.0,0.0,Umfrage Forsc,84304-21,Forschungsreferent/in,843,False,913
913 Gesellschaftswissenschaften,19.73,913,913,y,Marktforschungsanalysten und Market,['Market Research Analysts and Marketing Specialists'],13-116,1.0,36.0,0.0,36.0,36.0,36.0,36.0,36.0,0.0,Marktforschungsanalysten und Market,,,,False,913
913 Gesellschaftswissenschaften,19.73,913,913,y,Soziolo,['Sociologists'],19-304,1.0,40.0,0.0,40.0,40.0,40.0,40.0,40.0,0.0,Soziolo,91324-11,Soziologe/Soziologin,913,True,913
921 Werbung und Marketing,19.64,921,921,y,Werbevermitt,['Advertising Sales Agents'],41-301,1.0,55.0,0.0,55.0,55.0,55.0,55.0,55.0,0.0,Werbevermitt,,,,False,921
921 Werbung und Marketing,19.64,921,921,y,Manager für Werbung und Verkaufsförder,['Advertising and Promotions Managers'],11-201,1.0,46.0,0.0,46.0,46.0,46.0,46.0,46.0,0.0,Manager für Werbung und Verkaufsförder,92113-13,Betriebswirt/in (Fachschule) - Absatz/Marketing,921,True,921
922 Öffentlichkeitsarbeit,24.45,922,922,y,Fachleute für Öffentlichkeitsarb,['Public Relations Specialists'],27-303,1.0,46.0,0.0,46.0,46.0,46.0,46.0,46.0,0.0,Fachleute für Öffentlichkeitsarb,92203-11,Assistent/in - Pressestelle,922,True,922
922 Öffentlichkeitsarbeit,24.45,922,922,y,Manager für Öffentlichkeitsarbeit und Fundrais,['Public Relations and Fundraising Managers'],11-203,1.0,38.0,0.0,38.0,38.0,38.0,38.0,38.0,0.0,Manager für Öffentlichkeitsarbeit und Fundrais,92203-10,Fundraiser/in,922,True,922
924 Redaktion und Journalismus,25.24,924,924,y,Reporter und Korresponden,"['Reporters and Correspondents', 'Broadcast News Analysts']",27-302,2.0,60.0,7.071067812000001,55.0,57.5,60.0,62.5,65.0,0.11785113,Reporter und Korresponden,,,,False,924
924 Redaktion und Journalismus,25.24,924,924,y,Technische Redakte,"['Technical Writers', 'Copy Writers', 'Poets, Lyricists and Creative Writers', 'Editors']",27-304,4.0,39.75,17.85823806,14.0,35.0,45.5,50.25,54.0,0.449263851,Technische Redakte,92413-10,Redakteur/in,924,True,924
933 Kunsthandwerk und bildende Kunst,12.59,933,933,y,Kunsthandwerkliche Künst,"['Craft Artists', 'Art Directors', 'Fine Artists, Including Painters, Sculptors, and Illustrators', 'Multimedia Artists and Animators']",27-101,4.0,38.75,22.51480994,9.0,27.75,43.5,54.5,59.0,0.581027353,Kunsthandwerkliche Künst,94494-10,Künstlerische/r Betriebsdirektor/in,944,False,933
935 Kunsthandwerkliche Metallgestaltung,13.42,935,935,y,Edelst,"['Gem and Diamond Workers', 'Jewelers', 'Precious Metal Workers']",51-907,3.0,54.33333333,10.69267662,42.0,51.0,60.0,60.5,61.0,0.196797729,Edelst,93522-13,Edelsteinfasser/in,935,True,935
"941 Musik-, Gesang-, Dirigententätigkeiten",24.93,941,941,y,Sän,"['Singers', 'Music Directors', 'Musicians, Instrumental', 'Music Composers and Arrangers']",27-204,4.0,67.25,27.17075634,32.0,53.75,71.5,85.0,94.0,0.404026117,Sän,94124-10,Sänger/in,941,True,941
"942 Schauspiel, Tanz und Bewegungskunst",/,942,942,y,Choreograp,"['Choreographers', 'Dancers']",27-203,2.0,99.0,1.4142135619999998,98.0,98.5,99.0,99.5,100.0,0.014284985,Choreograp,94224-10,Ballettmeister/in,942,True,942
943 Moderation und Unterhaltung,19.02,943,943,y,Autoren und Läufer von Sp,"['Gaming and Sports Book Writers and Runners', 'Gaming Dealers']",39-301,2.0,86.5,2.121320344,85.0,85.75,86.5,87.25,88.0,0.024523935,Autoren und Läufer von Sp,,,,False,943
"945 Veranstaltungs-, Kamera-, Tontechnik",17.61,945,945,y,Kameramän,"['Camera Operators, Television, Video, and Motion Picture', 'Film and Video Editors']",27-403,2.0,58.5,13.43502884,49.0,53.75,58.5,63.25,68.0,0.229658613,Kameramän,,,,False,945
"945 Veranstaltungs-, Kamera-, Tontechnik",17.61,945,945,y,Tontechni,"['Sound Engineering Technicians', 'Broadcast Technicians', 'Radio Operators', 'Audio and Video Equipment Technicians']",27-401,4.0,60.5,7.416198487000001,51.0,57.75,61.0,63.75,69.0,0.122581793,Tontechni,94533-10,Tontechniker/in,945,True,945
