germancode,jobs,code,count,mean,std,min,25%,50%,75%,max,rel_std,Berufsübersetzung,number_zusammen,Resultatsberuf_zusammen,three_letter_scraper,checked
814,['Dental Hygienists'],29-202,1.0,100.0,0.0,100.0,100.0,100.0,100.0,100.0,0.0,Dentalhygieni,81113-10,Dentalhygieniker/in,811,y
942,"['Choreographers', 'Dancers']",27-203,2.0,99.0,1.4142135619999998,98.0,98.5,99.0,99.5,100.0,0.014284985,Choreograp,94224-10,Ballettmeister/in,942,y
814,"['Orthodontists', 'Oral and Maxillofacial Surgeons', 'Prosthodontists', 'Dentists, General']",29-102,4.0,97.0,3.366501646,92.0,96.5,98.5,99.0,99.0,0.034706203,Kieferorthopä,81113-10,Kieferorthopädische/r Fachhelfer/in,811,y
813,['Nurse Midwives'],29-116,1.0,97.0,0.0,97.0,97.0,97.0,97.0,97.0,0.0,Krankenschwes,82182-10,Ambulante/r Pfleger/in,821,
813,['Emergency Medical Technicians and Paramedics'],29-204,1.0,97.0,0.0,97.0,97.0,97.0,97.0,97.0,0.0,Medizinische Notfalltechniker und Rettungssanitä,81342-10,Rettungssanitäter/in,813,y
817,['Chiropractors'],29-101,1.0,96.0,0.0,96.0,96.0,96.0,96.0,96.0,0.0,Chiroprakti,81434-10,Facharzt/-ärztin - Orthopädie und Unfallchirurgie,814,y
514,['Flight Attendants'],53-203,1.0,96.0,0.0,96.0,96.0,96.0,96.0,96.0,0.0,Flugbeglei,51422-10,Flugbegleiter/in,514,y
817,['Podiatrists'],29-108,1.0,95.0,0.0,95.0,95.0,95.0,95.0,95.0,0.0,Fußspezialis,,,,
817,"['Physical Therapist Aides', 'Physical Therapist Assistants']",31-202,2.0,94.5,0.7071067809999999,94.0,94.25,94.5,94.75,95.0,0.007482611,Physiotherapeu,81713-10,Physiotherapeut/in,817,y
823,"['Barbers', 'Hairdressers, Hairstylists, and Cosmetologists']",39-501,2.0,93.5,2.121320344,92.0,92.75,93.5,94.25,95.0,0.022687917999999998,Barbi,82312-10,Herrenfriseur/in,823,y
514,"['Transportation Attendants, Except Flight Attendants']",53-606,1.0,93.0,0.0,93.0,93.0,93.0,93.0,93.0,0.0,Transportbeglei,,,,
823,"['Makeup Artists, Theatrical and Performance', 'Manicurists and Pedicurists', 'Shampooers', 'Skincare Specialists']",39-509,4.0,91.5,5.446711546,86.0,89.0,90.5,93.0,99.0,0.059526902,Maskenbild,82342-10,Maskenbildner/in,823,y
825,"['Orthotists and Prosthetists', 'Neurodiagnostic Technologists', 'Surgical Assistants', 'Radiologic Technicians', 'Hearing Aid Specialists', 'Ophthalmic Medical Technologists']",29-209,6.0,91.33333333,6.801960502000001,79.0,89.5,94.0,95.5,97.0,0.07447402,Orthopäden und Protheti,,,,
815,['Veterinarians'],29-113,1.0,91.0,0.0,91.0,91.0,91.0,91.0,91.0,0.0,Tierär,81504-10,Tierarzt/Tierärztin,815,y
813,"['Home Health Aides', 'Nursing Assistants', 'Orderlies', 'Psychiatric Aides']",31-101,4.0,90.25,5.377421935,84.0,87.75,90.0,92.5,97.0,0.059583622999999995,Haushaltshil,,,,
825,['Optometrists'],29-104,1.0,90.0,0.0,90.0,90.0,90.0,90.0,90.0,0.0,Optometris,,,,
817,"['Acupuncturists', 'Orthoptists', 'Naturopathic Physicians']",29-119,3.0,90.0,1.732050808,88.0,89.5,91.0,91.0,91.0,0.019245009,Akupunkte,81752-10,Heilpraktiker/in,817,y
813,['Licensed Practical and Licensed Vocational Nurses'],29-206,1.0,90.0,0.0,90.0,90.0,90.0,90.0,90.0,0.0,Lizenzierte praktische und lizenzierte Berufsschwest,,,,
813,"['Ambulance Drivers and Attendants, Except Emergency Medical Technicians']",53-301,1.0,90.0,0.0,90.0,90.0,90.0,90.0,90.0,0.0,Ambulanzfahrer und Betre,83124-12,Rechtliche/r Betreuer/in,831,
817,['Massage Therapists'],31-901,1.0,89.0,0.0,89.0,89.0,89.0,89.0,89.0,0.0,Mass,81712-10,Masseur/in und medizinische/r Bademeister/in,817,y
413,"['Roustabouts, Oil and Gas']",47-507,1.0,89.0,0.0,89.0,89.0,89.0,89.0,89.0,0.0,Hilfsarbei,82101-10,Helfer/in - Altenpflege/Persönliche Assistenz,821,
817,"['Speech-Language Pathologists', 'Physical Therapists', 'Respiratory Therapists', 'Exercise Physiologists', 'Low Vision Therapists, Orientation and Mobility Specialists, and Vision Rehabilitation Therapists', 'Art Therapists', 'Radiation Therapists', 'Music Therapists', 'Recreational Therapists', 'Occupational Therapists']",29-112,10.0,88.9,8.569325139,73.0,84.5,90.5,94.5,100.0,0.096392859,Sprachpatholo,,,,
825,"['Diagnostic Medical Sonographers', 'Radiologic Technologists', 'Nuclear Medicine Technologists', 'Cardiovascular Technologists and Technicians', 'Magnetic Resonance Imaging Technologists']",29-203,5.0,88.6,8.324662155,76.0,86.0,89.0,95.0,97.0,0.09395781199999999,Diagnostische medizinische Sonograp,,,,
841,['Teacher Assistants'],25-904,1.0,88.0,0.0,88.0,88.0,88.0,88.0,88.0,0.0,Leh,,,,
811,"['Physician Assistants', 'Anesthesiologist Assistants']",29-107,2.0,88.0,0.0,88.0,88.0,88.0,88.0,88.0,0.0,Arzthelferin,81102-10,Medizinische/r Fachangestellte/r,811,y
813,"['Registered Nurses', 'Advanced Practice Psychiatric Nurses', 'Clinical Nurse Specialists', 'Critical Care Nurses', 'Acute Care Nurses']",29-114,5.0,88.0,8.746427842000001,77.0,80.0,94.0,94.0,95.0,0.099391225,Registrierte Krankenschweste,,,,
293,"['First-Line Supervisors of Food Preparation and Serving Workers', 'Chefs and Head Cooks']",35-101,2.0,88.0,9.899494937,81.0,84.5,88.0,91.5,95.0,0.112494261,Vorgesetzte in der ersten Reihe der Lebensmittelzubereitu,,,,
825,"['Respiratory Therapy Technicians', 'Surgical Technologists', 'Ophthalmic Medical Technicians', 'Pharmacy Technicians', 'Veterinary Technologists and Technicians', 'Psychiatric Technicians', 'Dietetic Technicians']",29-205,7.0,87.42857143,11.55937055,65.0,84.0,90.0,95.0,99.0,0.13221502300000001,Atemthera,,,,
813,['Nurse Anesthetists'],29-115,1.0,87.0,0.0,87.0,87.0,87.0,87.0,87.0,0.0,Anästhe,81323-10,Fachkinderkrankenpfleger/in - Intensivpflege/Anästhesie,813,y
241,['Structural Iron and Steel Workers'],47-222,1.0,87.0,0.0,87.0,87.0,87.0,87.0,87.0,0.0,Ei,,,,
817,"['Occupational Therapy Assistants', 'Occupational Therapy Aides']",31-201,2.0,86.5,6.3639610310000005,82.0,84.25,86.5,88.75,91.0,0.073571804,Ergotherapeutische Assisten,26242-10,Techn. Assistent/in - regenerative Energietechnik/Energiem.,262,
943,"['Gaming and Sports Book Writers and Runners', 'Gaming Dealers']",39-301,2.0,86.5,2.121320344,85.0,85.75,86.5,87.25,88.0,0.024523935,Autoren und Läufer von Sp,,,,
813,['Personal Care Aides'],39-902,1.0,86.0,0.0,86.0,86.0,86.0,86.0,86.0,0.0,Persönliche Pflegehil,,,,
813,['Nurse Practitioners'],29-117,1.0,85.0,0.0,85.0,85.0,85.0,85.0,85.0,0.0,Krankenschwes,82182-10,Ambulante/r Pfleger/in,821,
511,['Rail-Track Laying and Maintenance Equipment Operators'],47-406,1.0,85.0,0.0,85.0,85.0,85.0,85.0,85.0,0.0,Betreiber von Gleis,,,,
823,"['First-Line Supervisors of Personal Service Workers', 'Spa Managers']",39-102,2.0,84.5,3.5355339060000004,82.0,83.25,84.5,85.75,87.0,0.041840638,Vorgesetzte in der ersten Reihe der Personaldienstleis,,,,
111,"['Graders and Sorters, Agricultural Products']",45-204,1.0,84.0,0.0,84.0,84.0,84.0,84.0,84.0,0.0,Plan,,,,
814,"['Anesthesiologists', 'Hospitalists', 'Nuclear Medicine Physicians', 'Ophthalmologists', 'Pediatricians, General', 'Internists, General', 'Physical Medicine and Rehabilitation Physicians', 'Dermatologists', 'Neurologists', 'Sports Medicine Physicians', 'Pathologists', 'Psychiatrists', 'Urologists', 'Radiologists', 'Preventive Medicine Physicians', 'Allergists and Immunologists', 'Family and General Practitioners', 'Surgeons', 'Obstetricians and Gynecologists']",29-106,19.0,83.05263158,18.10301904,32.0,74.0,91.0,95.5,100.0,0.217970445,Anästhesist,81454-10,Facharzt/-ärztin - Anästhesiologie,814,y
831,"['Adapted Physical Education Specialists', 'Special Education Teachers, Kindergarten and Elementary School', 'Special Education Teachers, Secondary School', 'Special Education Teachers, Preschool', 'Special Education Teachers, Middle School']",25-205,5.0,83.0,6.123724357,74.0,81.0,83.0,87.0,90.0,0.073779812,Angepasste Sportpädagog,,,,
825,"['Opticians, Dispensing']",29-208,1.0,83.0,0.0,83.0,83.0,83.0,83.0,83.0,0.0,Opti,21362-10,Feinoptiker/in,213,
633,['Dining Room and Cafeteria Attendants and Bartender Helpers'],35-901,1.0,82.0,0.0,82.0,82.0,82.0,82.0,82.0,0.0,Speisezim,,,,
943,"['Slot Supervisors', 'Gaming Supervisors']",39-101,2.0,82.0,2.828427125,80.0,81.0,82.0,83.0,84.0,0.034493014,Spielautomatenaufse,,,,
341,"['Ushers, Lobby Attendants, and Ticket Takers']",39-303,1.0,82.0,0.0,82.0,82.0,82.0,82.0,82.0,0.0,Platzanwei,53111-12,Ordner/in bei Veranstaltungen,531,
413,"['Rotary Drill Operators, Oil and Gas', 'Service Unit Operators, Oil, Gas, and Mining', 'Derrick Operators, Oil and Gas']",47-501,3.0,82.0,4.358898944,79.0,79.5,80.0,83.5,87.0,0.053157304,Rotary Drill Operat,,,,
523,"['Airline Pilots, Copilots, and Flight Engineers', 'Commercial Pilots']",53-201,2.0,82.0,1.4142135619999998,81.0,81.5,82.0,82.5,83.0,0.017246507,Linienpilo,52313-10,Verkehrsflugzeugführer/in (ATPL (A)),523,y
531,"['Municipal Firefighters', 'Forest Firefighters']",33-201,2.0,81.5,10.60660172,74.0,77.75,81.5,85.25,89.0,0.130142352,Städtische Feuerwehrle,,,,
212,"['Stonemasons', 'Brickmasons and Blockmasons']",47-202,2.0,81.5,2.121320344,80.0,80.75,81.5,82.25,83.0,0.02602847,Steinme,21293-10,Steinmetz- und Steinbildhauermeister/in,212,y
831,"['Kindergarten Teachers, Except Special Education', 'Preschool Teachers, Except Special Education']",25-201,2.0,81.0,7.071067812000001,76.0,78.5,81.0,83.5,86.0,0.08729713300000001,Kindergärtnerin,83112-10,Erzieher/in,831,y
831,['Tutors'],25-309,1.0,81.0,0.0,81.0,81.0,81.0,81.0,81.0,0.0,Tuto,,,,
621,['Reservation and Transportation Ticket Agents and Travel Clerks'],43-418,1.0,81.0,0.0,81.0,81.0,81.0,81.0,81.0,0.0,Reservieru,63112-10,Touristikassistent/in,631,
521,"['Bus Drivers, School or Special Client', 'Bus Drivers, Transit and Intercity']",53-302,2.0,81.0,4.242640687,78.0,79.5,81.0,82.5,84.0,0.05237828,Busfah,52132-10,Busfahrer/in,521,y
532,"['Correctional Officers and Jailers', 'Bailiffs']",33-301,2.0,80.5,0.7071067809999999,80.0,80.25,80.5,80.75,81.0,0.008783935,Strafvollzugsbeamte und Gefängniswär,53242-10,Beamt(er/in) - Justizvollzugsdienst (mittl. Dienst),532,y
844,['Adult Basic and Secondary Education and Literacy Teachers and Instructors'],25-301,1.0,80.0,0.0,80.0,80.0,80.0,80.0,80.0,0.0,Gr,,,,
333,"['Rough Carpenters', 'Construction Carpenters']",47-203,2.0,80.0,1.4142135619999998,79.0,79.5,80.0,80.5,81.0,0.01767767,Zimmerleute im Roh,,,,
,['Helpers--Extraction Workers'],47-508,1.0,80.0,0.0,80.0,80.0,80.0,80.0,80.0,0.0,Hel,51311-11,Lager- und Transportarbeiter/in,513,
818,"['Pharmacy Aides', 'Speech-Language Pathology Assistants', 'Dental Assistants', 'Medical Equipment Preparers', 'Endoscopy Technicians', 'Phlebotomists', 'Medical Assistants', 'Medical Transcriptionists', 'Veterinary Assistants and Laboratory Animal Caretakers']",31-909,9.0,79.22222222,15.69058458,42.0,77.0,82.0,88.0,99.0,0.19805787,Apothekenhelferinn,,,,
633,['Bartenders'],35-301,1.0,79.0,0.0,79.0,79.0,79.0,79.0,79.0,0.0,Barkeep,63322-10,"Barmixer/in, Barkeeper/in",633,y
633,"['Hosts and Hostesses, Restaurant, Lounge, and Coffee Shop']",35-903,1.0,79.0,0.0,79.0,79.0,79.0,79.0,79.0,0.0,Hosts und Hostes,,,,
824,['Funeral Attendants'],39-402,1.0,79.0,0.0,79.0,79.0,79.0,79.0,79.0,0.0,Bestattungshel,,,,
,['Wind Turbine Service Technicians'],49-908,1.0,79.0,0.0,79.0,79.0,79.0,79.0,79.0,0.0,Servicetechniker für Windkraftanla,26243-10,Techniker/in - Windenergietechnik,262,
521,['Taxi Drivers and Chauffeurs'],53-304,1.0,79.0,0.0,79.0,79.0,79.0,79.0,79.0,0.0,Taxifahrer und Chauffe,,,,
292,"['Butchers and Meat Cutters', 'Slaughterers and Meat Packers', 'Meat, Poultry, and Fish Cutters and Trimmers']",51-302,3.0,78.33333333,6.110100927,73.0,75.0,77.0,81.0,85.0,0.078001288,Metzger und Fleischschnei,,,,
293,['Food Service Managers'],11-905,1.0,78.0,0.0,78.0,78.0,78.0,78.0,78.0,0.0,Food Service Mana,71104-10,Manager/in (Geschäftsführung),711,
,"['Genetic Counselors', 'Midwives', 'Athletic Trainers']",29-909,3.0,78.0,26.85144316,47.0,70.0,93.0,93.5,94.0,0.344249271,Genetische Bera,71524-14,"Berater/in - Bildung, Beruf und Beschäftigung",715,
633,['Waiters and Waitresses'],35-303,1.0,78.0,0.0,78.0,78.0,78.0,78.0,78.0,0.0,Kellner und Kellnerinn,,,,
845,"['Fitness Trainers and Aerobics Instructors', 'Recreation Workers']",39-903,2.0,77.5,7.778174592999999,72.0,74.75,77.5,80.25,83.0,0.10036354300000001,Fitnesstrainer und Aero,,,,
532,"['Transit and Railroad Police', 'Sheriffs and Deputy Sheriffs', 'Police Patrol Officers']",33-305,3.0,77.0,3.464101615,73.0,76.0,79.0,79.0,79.0,0.044988333,Tran,,,,
,['Telemarketers'],41-904,1.0,77.0,0.0,77.0,77.0,77.0,77.0,77.0,0.0,Telemarket,92122-10,Callcenteragent/in,921,
321,['Roofers'],47-218,1.0,77.0,0.0,77.0,77.0,77.0,77.0,77.0,0.0,Dachdec,32142-11,Dachdecker/in,321,y
342,['Septic Tank Servicers and Sewer Pipe Cleaners'],47-407,1.0,77.0,0.0,77.0,77.0,77.0,77.0,77.0,0.0,Sickergr,,,,
321,"['Roof Bolters, Mining']",47-506,1.0,77.0,0.0,77.0,77.0,77.0,77.0,77.0,0.0,Dachkämp,,,,
,['Fish and Game Wardens'],33-303,1.0,76.0,0.0,76.0,76.0,76.0,76.0,76.0,0.0,Fi,11732-10,Revierjäger/in,117,
621,['Tellers'],43-307,1.0,76.0,0.0,76.0,76.0,76.0,76.0,76.0,0.0,Tell,63301-10,Helfer/in - Gastgewerbe,633,
841,"['Middle School Teachers, Except Special and Career/Technical Education', 'Career/Technical Education Teachers, Middle School', 'Elementary School Teachers, Except Special Education']",25-202,3.0,75.66666667,4.932882862,70.0,74.0,78.0,78.5,79.0,0.065192285,Lehrer der Mittelst,,,,
212,"['Refractory Materials Repairers, Except Brickmasons', 'Maintenance Workers, Machinery', 'Industrial Machinery Mechanics', 'Millwrights']",49-904,4.0,75.5,3.696845502,72.0,72.75,75.0,77.75,80.0,0.048964840999999995,Reparaturbetriebe für feuerfeste Material,,,,
831,"['Childcare Workers', 'Nannies']",39-901,2.0,75.0,9.899494937,68.0,71.5,75.0,78.5,82.0,0.131993266,Kinderbetreuerin,83111-10,Kinderbetreuer/in,831,y
262,['Electricians'],47-211,1.0,75.0,0.0,75.0,75.0,75.0,75.0,75.0,0.0,Elektri,26212-10,Bauelektriker/in,262,y
823,"['Amusement and Recreation Attendants', 'Costume Attendants', 'Locker Room, Coatroom, and Dressing Room Attendants']",39-309,3.0,74.66666667,10.06644591,64.0,70.0,76.0,80.0,84.0,0.134818472,Vergnügu,83112-10,Erzieher/in - Jugend- und Heimerziehung,831,
531,"['Forest Fire Fighting and Prevention Supervisors', 'Municipal Fire Fighting and Prevention Supervisors']",33-102,2.0,74.5,2.121320344,73.0,73.75,74.5,75.25,76.0,0.028474099,Beauftragte für die Bekämpfung und Verhütung von Waldbrän,,,,
311,"['First-Line Supervisors of Construction Trades and Extraction Workers', 'Solar Energy Installation Managers']",47-101,2.0,74.5,4.949747468,71.0,72.75,74.5,76.25,78.0,0.066439563,Erstrangige Bauaufsicht für Bauhandwerk und Förderarbei,21112-11,"Tiefbohrfacharbeiter/in (Erdöl-, Erdgasgewinnung)",211,
532,"['First-Line Supervisors of Correctional Officers', 'First-Line Supervisors of Police and Detectives']",33-101,2.0,74.0,4.242640687,71.0,72.5,74.0,75.5,77.0,0.057332982000000005,Erstrangige Aufsichtsbeamte der Strafvollzugsbeamt,,,,
633,"['Counter Attendants, Cafeteria, Food Concession, and Coffee Shop', 'Combined Food Preparation and Serving Workers, Including Fast Food', 'Baristas']",35-302,3.0,74.0,1.0,73.0,73.5,74.0,74.5,75.0,0.013513513999999999,Schalterbedienst,,,,
512,"['Airfield Operations Specialists', 'Air Traffic Controllers']",53-202,2.0,74.0,11.3137085,66.0,70.0,74.0,78.0,82.0,0.15288795300000002,Flugplatzeins,,,,
831,"['Career/Technical Education Teachers, Secondary School', 'Secondary School Teachers, Except Special and Career/Technical Education']",25-203,2.0,73.5,4.949747468,70.0,71.75,73.5,75.25,77.0,0.067343503,Ber,71524-14,"Berater/in - Bildung, Beruf und Beschäftigung",715,
343,"['Pipe Fitters and Steamfitters', 'Pipelayers', 'Plumbers']",47-215,3.0,73.33333333,13.50308607,60.0,66.5,73.0,80.0,87.0,0.184132992,Rohrschlosser und Dampfinstallate,,,,
532,"['Crossing Guards', 'Retail Loss Prevention Specialists', 'Transportation Security Screeners', 'Lifeguards, Ski Patrol, and Other Recreational Protective Service Workers']",33-909,4.0,73.25,12.68529332,56.0,68.75,75.5,80.0,86.0,0.17317806600000002,Schülerlots,,,,
524,"['Mates- Ship, Boat, and Barge', 'Pilots, Ship', 'Ship and Boat Captains', 'Motorboat Operators']",53-502,4.0,73.25,4.34932945,69.0,70.5,72.5,75.25,79.0,0.05937651099999999,Matros,52422-10,Binnenschiffer/in,524,y
943,"['Gaming Surveillance Officers and Gaming Investigators', 'Security Guards']",33-903,2.0,73.0,7.071067812000001,68.0,70.5,73.0,75.5,78.0,0.09686394300000001,Spielüberwachungsbeamte und Spielermitt,,,,
715,"['Interviewers, Except Eligibility and Loan']",43-411,1.0,73.0,0.0,73.0,73.0,73.0,73.0,73.0,0.0,Intervie,91341-10,Interviewer/in,913,
733,"['Library Assistants, Clerical']",43-412,1.0,73.0,0.0,73.0,73.0,73.0,73.0,73.0,0.0,Bibliotheksassisten,73322-10,Fachangestellte/r für Medien- u. Info.Dienste - Bibliothek,733,y
513,"['Mail Clerks and Mail Machine Operators, Except Postal Service']",43-905,1.0,73.0,0.0,73.0,73.0,73.0,73.0,73.0,0.0,Postbeauftragte und Postautomatenbedie,,,,
333,['Construction Laborers'],47-206,1.0,73.0,0.0,73.0,73.0,73.0,73.0,73.0,0.0,Bauarbei,,,,
341,['Parking Lot Attendants'],53-602,1.0,73.0,0.0,73.0,73.0,73.0,73.0,73.0,0.0,Parkplatzwäch,53111-10,"Helfer/in - Objekt-, Werte- und Personenschutz",531,
621,"['Gaming Change Persons and Booth Cashiers', 'Cashiers']",41-201,2.0,72.5,3.5355339060000004,70.0,71.25,72.5,73.75,75.0,0.048765985,Spielgeldwechsler und Standkassie,,,,
634,"['Meeting, Convention, and Event Planners']",13-112,1.0,72.0,0.0,72.0,72.0,72.0,72.0,72.0,0.0,Tagu,63403-10,Betriebswirt/in (Fachschule) - Event-Management,634,y
818,['Pharmacists'],29-105,1.0,72.0,0.0,72.0,72.0,72.0,72.0,72.0,0.0,Apothe,81804-10,Apotheker/in,818,y
633,"['Food Servers, Nonrestaurant']",35-304,1.0,72.0,0.0,72.0,72.0,72.0,72.0,72.0,0.0,Speisenausg,,,,
824,"['Morticians, Undertakers, and Funeral Directors']",39-403,1.0,72.0,0.0,72.0,72.0,72.0,72.0,72.0,0.0,Leichenbestat,82402-10,Bestatter/in (Weiterbildung),824,y
252,['Ship Engineers'],53-503,1.0,72.0,0.0,72.0,72.0,72.0,72.0,72.0,0.0,Schiffsingenie,51134-10,Schiffsingenieur/in - Gastanker,511,
262,"['Nuclear Equipment Operation Technicians', 'Nuclear Monitoring Technicians']",19-405,2.0,71.0,1.4142135619999998,70.0,70.5,71.0,71.5,72.0,0.019918501,Techniker für den Betrieb kerntechnischer Anla,34342-10,Anlagenmechaniker/in,343,
114,['Fishers and Related Fishing Workers'],45-301,1.0,70.0,0.0,70.0,70.0,70.0,70.0,70.0,0.0,Fischer und verwandte Fischerber,,,,
822,"['Social and Human Service Assistants', 'Community Health Workers', 'Health Educators', 'Probation Officers and Correctional Treatment Specialists']",21-109,4.0,69.0,10.29563014,57.0,62.25,70.0,76.75,79.0,0.149212031,Soz,91264-10,Sozial- und Kulturanthropologe/-anthropologin,912,
922,['Dietitians and Nutritionists'],29-103,1.0,69.0,0.0,69.0,69.0,69.0,69.0,69.0,0.0,Diätassistenten und Ernährungswissenschaft,,,,
292,['Food Preparation Workers'],35-202,1.0,69.0,0.0,69.0,69.0,69.0,69.0,69.0,0.0,Mitarbeiter der Lebensmittelzubereit,29382-10,Diätkoch/-köchin,293,y
621,['Retail Salespersons'],41-203,1.0,69.0,0.0,69.0,69.0,69.0,69.0,69.0,0.0,Einzelhandelskaufle,,,,
513,"['Marking Clerks', 'Order Fillers, Wholesale and Retail Sales', 'Stock Clerks- Stockroom, Warehouse, or Storage Yard', 'Stock Clerks, Sales Floor']",43-508,4.0,69.0,11.34313302,58.0,61.75,67.0,74.25,84.0,0.164393232,Kennzeichnungsverwal,,,,
244,['Boilermakers'],47-201,1.0,69.0,0.0,69.0,69.0,69.0,69.0,69.0,0.0,Boilermake,,,,
213,['Glaziers'],47-212,1.0,69.0,0.0,69.0,69.0,69.0,69.0,69.0,0.0,Gla,33342-10,Glaser/in - Fenster- und Glasfassadenbau,333,
262,"['First-Line Supervisors of Mechanics, Installers, and Repairers']",49-101,1.0,69.0,0.0,69.0,69.0,69.0,69.0,69.0,0.0,Erstrangige Aufsichtspersonen von Mechanik,24512-11,Feinwerkmechaniker/in,245,
262,"['Control and Valve Installers and Repairers, Except Mechanical Door', 'Mechanical Door Repairers']",49-901,2.0,69.0,5.656854248999999,65.0,67.0,69.0,71.0,73.0,0.081983395,Ste,21293-10,Steinmetz- und Steinbildhauermeister/in,212,
262,"['Maintenance and Repair Workers, General']",49-907,1.0,69.0,0.0,69.0,69.0,69.0,69.0,69.0,0.0,Wartu,25132-10,Wartungs- und Servicetechniker/in - Maschinenbau,251,
251,['Engine and Other Machine Assemblers'],51-203,1.0,69.0,0.0,69.0,69.0,69.0,69.0,69.0,0.0,Moto,24412-22,Fachkraft für Metalltechnik - Konstruktionstechnik,244,
524,['Sailors and Marine Oilers'],53-501,1.0,69.0,0.0,69.0,69.0,69.0,69.0,69.0,0.0,Matrosen und Schiffsö,,,,
532,"['Police Detectives', 'Criminal Investigators and Special Agents', 'Intelligence Analysts', 'Police Identification and Records Officers', 'Immigration and Customs Inspectors']",33-302,5.0,68.8,11.98749348,49.0,68.0,71.0,76.0,80.0,0.17423682399999998,Polizeibea,53223-10,Beamt(er/in) - Bundeskriminaldienst (geh. Dienst),532,y
263,"['Telecommunications Line Installers and Repairers', 'Electrical Power-Line Installers and Repairers']",49-905,2.0,68.5,6.3639610310000005,64.0,66.25,68.5,70.75,73.0,0.092904541,Installateure und Reparaturbetriebe für Telekommunikationsleitun,,,,
241,"['Foundry Mold and Coremakers', 'Molding, Coremaking, and Casting Machine Setters, Operators, and Tenders, Metal and Plastic']",51-407,2.0,68.5,0.7071067809999999,68.0,68.25,68.5,68.75,69.0,0.010322727,Gießereif,24142-10,Kernmacher/in,241,y
845,"['Umpires, Referees, and Other Sports Officials', 'Coaches and Scouts', 'Athletes and Sports Competitors']",27-202,3.0,68.0,7.937253932999999,59.0,65.0,71.0,72.5,74.0,0.116724323,Schiedsrich,,,,
232,['Photographers'],27-402,1.0,68.0,0.0,68.0,68.0,68.0,68.0,68.0,0.0,Fotogra,23322-11,Fotograf/in,233,y
732,['Telephone Operators'],43-202,1.0,68.0,0.0,68.0,68.0,68.0,68.0,68.0,0.0,Telefongesellschaf,,,,
611,['Brokerage Clerks'],43-401,1.0,68.0,0.0,68.0,68.0,68.0,68.0,68.0,0.0,Brokerage Cler,,,,
111,['Agricultural Inspectors'],45-201,1.0,68.0,0.0,68.0,68.0,68.0,68.0,68.0,0.0,Landwirtschaftsinspekto,11103-10,Beamt(er/in) - Agrarverwaltung (geh. techn. Dienst),111,y
262,['Solar Photovoltaic Installers'],47-223,1.0,68.0,0.0,68.0,68.0,68.0,68.0,68.0,0.0,So,,,,
322,['Highway Maintenance Workers'],47-405,1.0,68.0,0.0,68.0,68.0,68.0,68.0,68.0,0.0,Straßenbauarbei,32222-12,Tiefbaufacharbeiter/in - Straßenbauarbeiten,322,y
513,['Aircraft Cargo Handling Supervisors'],53-101,1.0,68.0,0.0,68.0,68.0,68.0,68.0,68.0,0.0,Kontrolleure der Flugz,,,,
621,"['Counter and Rental Clerks', 'Parts Salespersons']",41-202,2.0,67.5,0.7071067809999999,67.0,67.25,67.5,67.75,68.0,0.010475656,Schal,32112-10,Einschaler/in,321,
272,"['Patternmakers, Metal and Plastic', 'Model Makers, Metal and Plastic']",51-406,2.0,67.5,4.949747468,64.0,65.75,67.5,69.25,71.0,0.073329592,Modellba,27293-10,Modellbauermeister/in,272,y
513,"['Postal Service Mail Carriers', 'Postal Service Clerks', 'Postal Service Mail Sorters, Processors, and Processing Machine Operators']",43-505,3.0,67.33333333,13.051181300000001,57.0,60.0,63.0,72.5,82.0,0.193829425,Postdie,51322-10,"Fachkraft - Kurier-, Express- und Postdienstleistungen",513,y
941,"['Singers', 'Music Directors', 'Musicians, Instrumental', 'Music Composers and Arrangers']",27-204,4.0,67.25,27.17075634,32.0,53.75,71.5,85.0,94.0,0.404026117,Sän,94124-10,Sänger/in,941,y
825,['Audiologists'],29-118,1.0,67.0,0.0,67.0,67.0,67.0,67.0,67.0,0.0,Audiolo,81222-10,HNO-Audiologieassistent/in,812,
621,"['Door-To-Door Sales Workers, News and Street Vendors, and Related Workers']",41-909,1.0,67.0,0.0,67.0,67.0,67.0,67.0,67.0,0.0,,,,,
822,"['Patient Representatives', 'Customer Service Representatives']",43-405,2.0,67.0,12.72792206,58.0,62.5,67.0,71.5,76.0,0.189968986,Patientenvertre,,,,
117,['Forest and Conservation Workers'],45-401,1.0,67.0,0.0,67.0,67.0,67.0,67.0,67.0,0.0,Fo,,,,
242,['Sheet Metal Workers'],47-221,1.0,67.0,0.0,67.0,67.0,67.0,67.0,67.0,0.0,Blechschlos,34342-10,Anlagenmechaniker/in,343,
263,"['Telecommunications Equipment Installers and Repairers, Except Line Installers', 'Radio, Cellular, and Tower Equipment Installers and Repairers', 'Radio Mechanics']",49-202,3.0,67.0,7.810249676000001,62.0,62.5,63.0,69.5,76.0,0.116570891,Installateure und Reparaturbetriebe für Telekommunikationsger,,,,
251,['Home Appliance Repairers'],49-903,1.0,67.0,0.0,67.0,67.0,67.0,67.0,67.0,0.0,Haushaltsgerätereparaturunterneh,,,,
522,['Subway and Streetcar Operators'],53-404,1.0,67.0,0.0,67.0,67.0,67.0,67.0,67.0,0.0,,,,,
342,"['Helpers--Pipelayers, Plumbers, Pipefitters, and Steamfitters', 'Helpers--Electricians', 'Helpers--Carpenters', 'Helpers--Painters, Paperhangers, Plasterers, and Stucco Masons', 'Helpers--Roofers', 'Helpers--Brickmasons, Blockmasons, Stonemasons, and Tile and Marble Setters']",47-301,6.0,66.66666667,5.680375574,61.0,63.0,66.5,67.0,77.0,0.085205634,Helf,82101-10,Helfer/in - Altenpflege/Persönliche Assistenz,821,
714,['Interpreters and Translators'],27-309,1.0,66.0,0.0,66.0,66.0,66.0,66.0,66.0,0.0,Dolmetscher und Überset,71424-10,Dolmetscher/in / Übersetzer/in,714,y
115,['Nonfarm Animal Caretakers'],39-202,1.0,66.0,0.0,66.0,66.0,66.0,66.0,66.0,0.0,Ni,11582-10,Tierpfleger/in - Forschung und Klinik,115,y
211,"['Explosives Workers, Ordnance Handling Experts, and Blasters']",47-503,1.0,66.0,0.0,66.0,66.0,66.0,66.0,66.0,0.0,Sprengstoffarbei,,,,
262,"['Helpers--Installation, Maintenance, and Repair Workers', 'Geothermal Technicians', 'Fabric Menders, Except Garment', 'Commercial Divers', 'Riggers', 'Coin, Vending, and Amusement Machine Servicers and Repairers', 'Manufactured Building and Mobile Home Installers', 'Locksmiths and Safe Repairers', 'Signal and Track Switch Repairers']",49-909,9.0,66.0,9.38083152,50.0,58.0,68.0,73.0,77.0,0.142133811,Helf,34212-11,"Anlagenmechaniker/in - Sanitär-, Heizungs- und Klimatechnik",342,
241,"['Extruding, Forming, Pressing, and Compacting Machine Setters, Operators, and Tenders']",51-904,1.0,66.0,0.0,66.0,66.0,66.0,66.0,66.0,0.0,Strangpres,,,,
251,['First-Line Supervisors of Transportation and Material-Moving Machine and Vehicle Operators'],53-103,1.0,66.0,0.0,66.0,66.0,66.0,66.0,66.0,0.0,Fi,52122-10,Kraftfahrzeugführer/in - Ver- und Entsorgung,521,
272,"['Models', 'Demonstrators and Product Promoters']",41-901,2.0,65.5,2.121320344,64.0,64.75,65.5,66.25,67.0,0.03238657,Mode,27293-10,Modellbauermeister/in,272,y
273,['First-Line Supervisors of Production and Operating Workers'],51-101,1.0,65.0,0.0,65.0,65.0,65.0,65.0,65.0,0.0,Erstrangige Aufsichtspersonen für Produkti,,,,
,"['Inspectors, Testers, Sorters, Samplers, and Weighers']",51-906,1.0,65.0,0.0,65.0,65.0,65.0,65.0,65.0,0.0,Inspekto,73113-10,Inspektor/in - Notardienst,731,
,"['Timing Device Assemblers and Adjusters', 'Team Assemblers', 'Fiberglass Laminators and Fabricators']",51-209,3.0,64.66666667,19.03505538,45.0,55.5,66.0,74.5,83.0,0.294356527,Timing Device Assembler und Justie,24512-11,Feinwerkmechaniker/in,245,
824,['Embalmers'],39-401,1.0,64.0,0.0,64.0,64.0,64.0,64.0,64.0,0.0,Einbalsamie,,,,
632,"['Hotel, Motel, and Resort Desk Clerks']",43-408,1.0,64.0,0.0,64.0,64.0,64.0,64.0,64.0,0.0,Schreibtischmitarbeiter in Hot,63212-10,Hotelsekretär/in,632,y
341,"['Office Clerks, General']",43-906,1.0,64.0,0.0,64.0,64.0,64.0,64.0,64.0,0.0,Büroangestel,,,,
311,['Construction and Building Inspectors'],47-401,1.0,64.0,0.0,64.0,64.0,64.0,64.0,64.0,0.0,,,,,
251,['Elevator Installers and Repairers'],47-402,1.0,64.0,0.0,64.0,64.0,64.0,64.0,64.0,0.0,Aufzugsinstallateure u,,,,
331,"['Carpet Installers', 'Floor Sanders and Finishers', 'Tile and Marble Setters', 'Floor Layers, Except Carpet, Wood, and Hard Tiles']",47-204,4.0,63.75,4.645786622,59.0,61.25,63.0,65.5,70.0,0.072875084,Teppichverle,33102-10,Bodenleger/in,331,y
262,"['Weatherization Installers and Technicians', 'Segmental Pavers', 'Solar Thermal Installers and Technicians']",47-409,3.0,63.66666667,4.041451884,60.0,61.5,63.0,65.5,68.0,0.063478302,Bewitterungsinstallateure u,,,,
262,"['Power Distributors and Dispatchers', 'Nuclear Power Reactor Operators', 'Power Plant Operators']",51-801,3.0,63.33333333,11.239810199999999,51.0,58.5,66.0,69.5,73.0,0.177470687,Stromverteiler und Dispatc,,,,
944,"['Talent Directors', 'Directors- Stage, Motion Pictures, Television, and Radio', 'Technical Directors/Managers', 'Actors', 'Producers', 'Program Directors']",27-201,6.0,63.0,20.29778313,40.0,47.5,65.5,69.25,95.0,0.322187034,Talentierte Regisse,,,,
633,['Dishwashers'],35-902,1.0,63.0,0.0,63.0,63.0,63.0,63.0,63.0,0.0,('Geschirrspüler',63301-10,Helfer/in - Gastgewerbe,633,y
621,"['Computer, Automated Teller, and Office Machine Repairers']",49-201,1.0,63.0,0.0,63.0,63.0,63.0,63.0,63.0,0.0,Compu,23224-10,Computer-Animator/in,232,
531,"['Fire Inspectors', 'Fire Investigators', 'Forest Fire Inspectors and Prevention Specialists']",33-202,3.0,62.66666667,10.26320288,54.0,57.0,60.0,67.0,74.0,0.163774514,Brandinspekto,53133-10,Beamt(er/in) - Feuerwehr (geh. techn. Dienst),531,y
923,"['Public Address System and Other Announcers', 'Radio and Television Announcers']",27-301,2.0,62.5,12.02081528,54.0,58.25,62.5,66.75,71.0,0.19233304399999998,Beschallungsanlage und andere Ansa,,,,
631,"['Tour Guides and Escorts', 'Travel Guides']",39-701,2.0,62.5,13.43502884,53.0,57.75,62.5,67.25,72.0,0.21496046100000002,Reiseleiter und Beglei,,,,
613,"['Real Estate Brokers', 'Real Estate Sales Agents']",41-902,2.0,62.5,12.02081528,54.0,58.25,62.5,66.75,71.0,0.19233304399999998,Immobilienmak,61313-10,Immobilienmakler/in,613,y
513,"['Cargo and Freight Agents', 'Freight Forwarders']",43-501,2.0,62.5,3.5355339060000004,60.0,61.25,62.5,63.75,65.0,0.056568542,Fracht und Spedite,,,,
812,"['Medical and Clinical Laboratory Technologists', 'Cytotechnologists', 'Medical and Clinical Laboratory Technicians', 'Histotechnologists and Histologic Technicians', 'Cytogenetic Technologists']",29-201,5.0,62.4,8.35463943,49.0,63.0,63.0,65.0,72.0,0.133888452,Medizinische und klinische Labortechni,41322-11,Chemielaborant/in,413,
812,"['Ophthalmic Laboratory Technicians', 'Medical Appliance Technicians', 'Dental Laboratory Technicians']",51-908,3.0,62.33333333,9.018499506,53.0,58.0,63.0,67.0,71.0,0.14468181,Ophthalmologische Labortechni,41322-11,Chemielaborant/in,413,
733,['Library Technicians'],25-403,1.0,62.0,0.0,62.0,62.0,62.0,62.0,62.0,0.0,Bibliothekstechni,,,,
115,['Animal Trainers'],39-201,1.0,62.0,0.0,62.0,62.0,62.0,62.0,62.0,0.0,Tiertrai,94283-10,Dompteur/Dompteuse,942,
,['Residential Advisors'],39-904,1.0,62.0,0.0,62.0,62.0,62.0,62.0,62.0,0.0,Wohnbera,62252-10,Einrichtungsfachberater/in,622,
721,"['Credit Authorizers', 'Credit Checkers']",43-404,2.0,62.0,9.899494937,55.0,58.5,62.0,65.5,69.0,0.159669273,Kreditbevollmächti,,,,
252,['Bus and Truck Mechanics and Diesel Engine Specialists'],49-303,1.0,62.0,0.0,62.0,62.0,62.0,62.0,62.0,0.0,,,,,
281,['Sewing Machine Operators'],51-603,1.0,62.0,0.0,62.0,62.0,62.0,62.0,62.0,0.0,Nähmaschinenbedie,,,,
252,"['Driver/Sales Workers', 'Heavy and Tractor-Trailer Truck Drivers', 'Light Truck or Delivery Services Drivers']",53-303,3.0,62.0,18.02775638,42.0,54.5,67.0,72.0,77.0,0.290770264,Fahrer/Vertriebsmitarbei,,,,
521,"['Tank Car, Truck, and Ship Loaders']",53-712,1.0,62.0,0.0,62.0,62.0,62.0,62.0,62.0,0.0,Kesselwa,25122-10,Kesselwärter/in,251,
322,"['Operating Engineers and Other Construction Equipment Operators', 'Paving, Surfacing, and Tamping Equipment Operators', 'Pile-Driver Operators']",47-207,3.0,61.66666667,9.865765725,55.0,56.0,57.0,65.0,73.0,0.15998539,Betriebsingenieure und andere Baumaschinenfüh,52522-10,Baggerführer/in,525,
413,"['Biofuels Processing Technicians', 'Chemical Plant and System Operators', 'Hydroelectric Plant Technicians', 'Biomass Plant Technicians', 'Gas Plant Operators', 'Petroleum Pump System Operators, Refinery Operators, and Gaugers']",51-809,6.0,61.66666667,10.34730239,49.0,54.75,60.5,67.75,77.0,0.167794093,Biokraftstoffverarbeitungstechni,,,,
511,"['Electrical and Electronics Installers and Repairers, Transportation Equipment', 'Avionics Technicians', 'Security and Fire Alarm Systems Installers', 'Electrical and Electronics Repairers, Commercial and Industrial Equipment', 'Electronic Equipment Installers and Repairers, Motor Vehicles', 'Electrical and Electronics Repairers, Powerhouse, Substation, and Relay', 'Electronic Home Entertainment Equipment Installers and Repairers', 'Electric Motor, Power Tool, and Related Repairers']",49-209,8.0,61.625,13.43702242,40.0,57.0,61.5,64.5,88.0,0.218044989,Elek,,,,
831,"['Rehabilitation Counselors', 'Substance Abuse and Behavioral Disorder Counselors', 'Mental Health Counselors', 'Educational, Guidance, School, and Vocational Counselors', 'Marriage and Family Therapists']",21-101,5.0,61.6,4.335896678,58.0,58.0,60.0,64.0,68.0,0.070387933,Berater für Rehabilitati,,,,
117,"['First-Line Supervisors of Landscaping, Lawn Service, and Groundskeeping Workers', 'First-Line Supervisors of Housekeeping and Janitorial Workers']",37-101,2.0,61.5,14.8492424,51.0,56.25,61.5,66.75,72.0,0.241451096,Erstrangige Aufsichtsbeamte für Landschafts,,,,
511,"['Aviation Inspectors', 'Freight and Cargo Inspectors', 'Transportation Vehicle, Equipment and Systems Inspectors, Except Aviation']",53-605,3.0,61.33333333,8.736894948,54.0,56.5,59.0,65.0,71.0,0.14244937400000002,Luftfa,51123-10,Prüfer/in von Luftfahrtgerät / Certifying Staff,511,y
721,['Insurance Sales Agents'],41-302,1.0,61.0,0.0,61.0,61.0,61.0,61.0,61.0,0.0,Versicherungsvermitt,,,,
332,['Plasterers and Stucco Masons'],47-216,1.0,61.0,0.0,61.0,61.0,61.0,61.0,61.0,0.0,Gipser und Stuckate,,,,
,"['Tire Repairers and Changers', 'Bicycle Repairers', 'Recreational Vehicle Service Technicians']",49-309,3.0,61.0,6.92820323,53.0,59.0,65.0,65.0,65.0,0.113577102,Reifenreparatur u,52122-10,Berufskraftfahrer/in,521,
342,"['Heating and Air Conditioning Mechanics and Installers', 'Refrigeration Mechanics and Installers']",49-902,2.0,61.0,7.071067812000001,56.0,58.5,61.0,63.5,66.0,0.115919144,Heizu,34212-11,"Anlagenmechaniker/in - Sanitär-, Heizungs- und Klimatechnik",342,y
342,"['Furnace, Kiln, Oven, Drier, and Kettle Operators and Tenders']",51-905,1.0,61.0,0.0,61.0,61.0,61.0,61.0,61.0,0.0,Betreiber von Ö,,,,
841,"['Vocational Education Teachers, Postsecondary', 'Graduate Teaching Assistants', 'Home Economics Teachers, Postsecondary', 'Recreation and Fitness Studies Teachers, Postsecondary']",25-119,4.0,60.75,11.8988795,47.0,56.0,60.0,64.75,76.0,0.19586632899999998,Lehrer für Berufsausbild,84223-17,Aus- und Weiterbildungspädagoge/-pädagogin,842,y
831,"['Healthcare Social Workers', 'Child, Family, and School Social Workers', 'Mental Health and Substance Abuse Social Workers']",21-102,3.0,60.66666667,13.61371857,50.0,53.0,56.0,66.0,76.0,0.224401954,Sozialarbeiter im Gesundheitswe,73222-10,Kaufmann/-frau - Gesundheitswesen,732,
633,"['Cooks, Institution and Cafeteria', 'Cooks, Fast Food', 'Cooks, Private Household', 'Cooks, Restaurant', 'Cooks, Short Order']",35-201,5.0,60.6,23.02824353,21.0,65.0,66.0,70.0,81.0,0.38000401899999997,Kö,29302-10,Koch/Köchin,293,
945,"['Sound Engineering Technicians', 'Broadcast Technicians', 'Radio Operators', 'Audio and Video Equipment Technicians']",27-401,4.0,60.5,7.416198487000001,51.0,57.75,61.0,63.75,69.0,0.12258179300000001,Tontechni,94533-10,Tontechniker/in,945,y
513,"['Laborers and Freight, Stock, and Material Movers, Hand', 'Cleaners of Vehicles and Equipment', 'Packers and Packagers, Hand', 'Machine Feeders and Offbearers']",53-706,4.0,60.5,11.44552314,47.0,53.0,62.5,70.0,70.0,0.18918220100000002,Arbeiter und Fra,51632-10,Disponent/in - Güterverkehr,516,y
824,['Funeral Service Managers'],11-906,1.0,60.0,0.0,60.0,60.0,60.0,60.0,60.0,0.0,Bestattungsdie,,,,
842,"['Nursing Instructors and Teachers, Postsecondary', 'Health Specialties Teachers, Postsecondary']",25-107,2.0,60.0,8.485281374,54.0,57.0,60.0,63.0,66.0,0.141421356,Krankenpflegeausbilder u,84553-11,Tai-Chi-Chuan- und Qigong-Lehrer/in,845,y
924,"['Reporters and Correspondents', 'Broadcast News Analysts']",27-302,2.0,60.0,7.071067812000001,55.0,57.5,60.0,62.5,65.0,0.11785113,Reporter und Korresponden,,,,
825,"['Occupational Health and Safety Technicians', 'Occupational Health and Safety Specialists']",29-901,2.0,60.0,7.071067812000001,55.0,57.5,60.0,62.5,65.0,0.11785113,Arbeitssch,43383-10,Sicherheitstechniker/in (IT),433,
511,"['Aircraft Structure, Surfaces, Rigging, and Systems Assemblers']",51-201,1.0,60.0,0.0,60.0,60.0,60.0,60.0,60.0,0.0,Flugzeugstruk,,,,
242,['Structural Metal Fabricators and Fitters'],51-204,1.0,60.0,0.0,60.0,60.0,60.0,60.0,60.0,0.0,Metallbauunternehmen und Installate,34212-11,"Anlagenmechaniker/in - Sanitär-, Heizungs- und Klimatechnik",342,
244,['Stationary Engineers and Boiler Operators'],51-802,1.0,60.0,0.0,60.0,60.0,60.0,60.0,60.0,0.0,Stationäre Ingenieure und Kesselbetrei,,,,
243,"['Coating, Painting, and Spraying Machine Setters, Operators, and Tenders', 'Painting, Coating, and Decorating Workers', 'Painters, Transportation Equipment']",51-912,3.0,60.0,13.11487705,48.0,53.0,58.0,66.0,74.0,0.218581284,Beschichtu,24302-12,Verfahrensmechaniker/in - Beschichtungstechnik,243,y
263,['Semiconductor Processors'],51-914,1.0,60.0,0.0,60.0,60.0,60.0,60.0,60.0,0.0,Halblei,41414-10,Ingenieur/in - Physik,414,
514,['Automotive and Watercraft Service Attendants'],53-603,1.0,60.0,0.0,60.0,60.0,60.0,60.0,60.0,0.0,Automo,62272-10,Automobil-Serviceberater/in,622,
732,"['Coroners', 'Government Property Inspectors and Investigators', 'Regulatory Affairs Specialists', 'Equal Opportunity Representatives and Officers', 'Licensing Examiners and Inspectors', 'Environmental Compliance Inspectors']",13-104,6.0,59.66666667,14.74675105,41.0,52.75,56.0,66.75,83.0,0.247152252,Gerichtsmedizin,81214-10,Facharzt/-ärztin - Pathologie,812,
433,"['Computer Network Support Specialists', 'Computer User Support Specialists']",15-115,2.0,59.5,6.3639610310000005,55.0,57.25,59.5,61.75,64.0,0.106957328,Spezialisten für die Unterstützung von Computernetzwer,,,,
715,['Training and Development Specialists'],13-115,1.0,59.0,0.0,59.0,59.0,59.0,59.0,59.0,0.0,Fachleute für Ausbildung und Entwickl,,,,
232,['Audio-Visual and Multimedia Collections Specialists'],25-901,1.0,59.0,0.0,59.0,59.0,59.0,59.0,59.0,0.0,Spezialisten für audiovisuelle und multimediale Sammlun,,,,
722,"['Billing, Cost, and Rate Clerks', 'Statement Clerks']",43-302,2.0,59.0,18.38477631,46.0,52.5,59.0,65.5,72.0,0.311606378,Rechnu,72214-10,Rechnungsprüfer/in,722,y
722,['New Accounts Clerks'],43-414,1.0,59.0,0.0,59.0,59.0,59.0,59.0,59.0,0.0,Sachbearbeiter für neue Kon,72112-10,Bankkaufmann/-frau,721,y
532,"['Dispatchers, Except Police, Fire, and Ambulance', 'Police, Fire, and Ambulance Dispatchers']",43-503,2.0,59.0,1.4142135619999998,58.0,58.5,59.0,59.5,60.0,0.023969721,Dispatc,51512-10,Fahrbetriebsregler/in (Straßenverkehr),515,
525,['Packaging and Filling Machine Operators and Tenders'],51-911,1.0,59.0,0.0,59.0,59.0,59.0,59.0,59.0,0.0,Betreiber von Verpacku,,,,
732,"['Court Clerks', 'Municipal Clerks', 'License Clerks']",43-403,3.0,58.66666667,13.31665624,44.0,53.0,62.0,66.0,70.0,0.22698845899999998,Gerichtsbedienst,,,,
262,"['Electromechanical Equipment Assemblers', 'Coil Winders, Tapers, and Finishers', 'Electrical and Electronic Equipment Assemblers']",51-202,3.0,58.66666667,0.577350269,58.0,58.5,59.0,59.0,59.0,0.009841198,Monteure von elektromechanischen Gerä,,,,
945,"['Camera Operators, Television, Video, and Motion Picture', 'Film and Video Editors']",27-403,2.0,58.5,13.43502884,49.0,53.75,58.5,63.25,68.0,0.229658613,Kameramän,,,,
333,"['Insulation Workers, Mechanical', 'Insulation Workers, Floor, Ceiling, and Wall']",47-213,2.0,58.5,0.7071067809999999,58.0,58.25,58.5,58.75,59.0,0.012087295,Dämmstoffarbei,,,,
343,"['Recycling Coordinators', 'First-Line Supervisors of Helpers, Laborers, and Material Movers, Hand']",53-102,2.0,58.5,9.192388155,52.0,55.25,58.5,61.75,65.0,0.15713484,Recycl,34332-10,Recycling-Fachkraft,343,y
242,"['Forging Machine Setters, Operators, and Tenders, Metal and Plastic', 'Extruding and Drawing Machine Setters, Operators, and Tenders, Metal and Plastic', 'Rolling Machine Setters, Operators, and Tenders, Metal and Plastic']",51-402,3.0,58.33333333,7.0237691689999995,51.0,55.0,59.0,62.0,65.0,0.120407471,Einrich,62252-10,Einrichtungsfachberater/in,622,
413,['Chemical Technicians'],19-403,1.0,58.0,0.0,58.0,58.0,58.0,58.0,58.0,0.0,Chemikan,41312-10,Chemikant/in,413,y
731,"['Arbitrators, Mediators, and Conciliators', 'Administrative Law Judges, Adjudicators, and Hearing Officers', 'Judges, Magistrate Judges, and Magistrates']",23-102,3.0,58.0,6.0,52.0,55.0,58.0,61.0,64.0,0.10344827599999999,Schiedsrich,,,,
733,"['Weighers, Measurers, Checkers, and Samplers, Recordkeeping']",43-511,1.0,58.0,0.0,58.0,58.0,58.0,58.0,58.0,0.0,Waa,24512-11,Feinwerkmechaniker/in,245,
333,"['Drywall and Ceiling Tile Installers', 'Tapers']",47-208,2.0,58.0,4.242640687,55.0,56.5,58.0,59.5,61.0,0.073148977,Trocken,33302-10,Trockenbaumonteur/in,333,y
245,"['Multiple Machine Tool Setters, Operators, and Tenders, Metal and Plastic']",51-408,1.0,58.0,0.0,58.0,58.0,58.0,58.0,58.0,0.0,Einrich,62252-10,Einrichtungsfachberater/in,622,
283,"['Shoe Machine Operators and Tenders', 'Shoe and Leather Workers and Repairers']",51-604,2.0,58.0,4.242640687,55.0,56.5,58.0,59.5,61.0,0.073148977,Schuhmaschinenbediener und Ausschreibun,,,,
233,['Photographic Process Workers and Processing Machine Operators'],51-915,1.0,58.0,0.0,58.0,58.0,58.0,58.0,58.0,0.0,Fotografische Entwicklungshelfer und Bediener von Entwicklungsmaschi,,,,
,['Hoist and Winch Operators'],53-704,1.0,58.0,0.0,58.0,58.0,58.0,58.0,58.0,0.0,Betreiber von Hebezeugen und Win,26243-10,Techniker/in - Windenergietechnik,262,
111,"['Precision Agriculture Technicians', 'Remote Sensing Technicians', 'Environmental Science and Protection Technicians, Including Health', 'Forest and Conservation Technicians', 'Forensic Science Technicians', 'Quality Control Analysts']",19-409,6.0,57.5,9.628083922,48.0,48.75,56.5,66.5,68.0,0.16744493800000002,Präzisionslandwirtschaftstechni,,,,
721,['Financial Examiners'],13-206,1.0,57.0,0.0,57.0,57.0,57.0,57.0,57.0,0.0,Finanzprü,,,,
252,"['Marine Engineers', 'Marine Architects']",17-212,2.0,57.0,1.4142135619999998,56.0,56.5,57.0,57.5,58.0,0.024810764,Schiffsingenie,51134-10,Schiffsingenieur/in - Gastanker,511,
245,['Tool and Die Makers'],51-411,1.0,57.0,0.0,57.0,57.0,57.0,57.0,57.0,0.0,Werkz,24522-12,Werkzeugmechaniker/in,245,y
292,"['Food Science Technicians', 'Agricultural Technicians']",19-401,2.0,56.5,0.7071067809999999,56.0,56.25,56.5,56.75,57.0,0.012515163999999999,Techniker der Lebensmittelwissenschaf,,,,
513,['Postmasters and Mail Superintendents'],11-913,1.0,56.0,0.0,56.0,56.0,56.0,56.0,56.0,0.0,Postmeister und Postbeauftra,,,,
732,"['Tax Examiners and Collectors, and Revenue Agents', 'Tax Preparers']",13-208,2.0,56.0,1.4142135619999998,55.0,55.5,56.0,56.5,57.0,0.025253814,Steuerprüfer und Steuereintreiber und Steuerbevollmächti,72304-10,Steuerberater/in,723,
732,"['Eligibility Interviewers, Government Programs']",43-406,1.0,56.0,0.0,56.0,56.0,56.0,56.0,56.0,0.0,Anspruchsberechtigu,,,,
732,['Order Clerks'],43-415,1.0,56.0,0.0,56.0,56.0,56.0,56.0,56.0,0.0,Auftragssachbearbei,,,,
714,"['Office Machine Operators, Except Computer']",43-907,1.0,56.0,0.0,56.0,56.0,56.0,56.0,56.0,0.0,Büromaschinenbedie,,,,
211,"['Continuous Mining Machine Operators', 'Mine Cutting and Channeling Machine Operators']",47-504,2.0,56.0,4.242640687,53.0,54.5,56.0,57.5,59.0,0.075761441,Maschinenbediener im kontinuierlichen Berg,,,,
243,"['Layout Workers, Metal and Plastic', 'Plating and Coating Machine Setters, Operators, and Tenders, Metal and Plastic', 'Tool Grinders, Filers, and Sharpeners', 'Heat Treating Equipment Setters, Operators, and Tenders, Metal and Plastic']",51-419,4.0,56.0,6.218252702000001,47.0,54.5,58.0,59.5,61.0,0.11104022699999999,Layou,23222-10,Designer/in (Ausbildung) - Grafik,232,
111,"['Farm and Ranch Managers', 'Aquacultural Managers', 'Nursery and Greenhouse Managers']",11-901,3.0,55.66666667,6.429100507,51.0,52.0,53.0,58.0,63.0,0.11549282300000001,Landwirtscha,11132-10,Landwirtschaftlich-technische/r Assistent/in,111,y
842,"['Education Administrators, Postsecondary', 'Fitness and Wellness Coordinators', 'Distance Learning Coordinators', 'Education Administrators, Preschool and Childcare Center/Program', 'Education Administrators, Elementary and Secondary School']",11-903,5.0,55.6,14.84250653,38.0,47.0,52.0,66.0,75.0,0.26695155600000003,Bildungsadministrato,,,,
613,"['Court Reporters', 'Title Examiners, Abstractors, and Searchers']",23-209,2.0,55.5,7.778174592999999,50.0,52.75,55.5,58.25,61.0,0.14014729,Hofberichterstat,,,,
252,"['Civil Engineering Technicians', 'Automotive Engineering Technicians', 'Manufacturing Engineering Technologists', 'Aerospace Engineering and Operations Technicians', 'Robotics Technicians', 'Electro-Mechanical Technicians', 'Electrical Engineering Technologists', 'Electrical Engineering Technicians', 'Mechanical Engineering Technicians', 'Electronics Engineering Technicians', 'Non-Destructive Testing Specialists', 'Industrial Engineering Technicians', 'Manufacturing Production Technicians', 'Electromechanical Engineering Technologists', 'Mechanical Engineering Technologists', 'Nanotechnology Engineering Technicians', 'Nanotechnology Engineering Technologists', 'Environmental Engineering Technicians', 'Electronics Engineering Technologists', 'Industrial Engineering Technologists', 'Photonics Technicians']",17-302,21.0,55.33333333,5.756156125,47.0,51.0,54.0,60.0,66.0,0.10402691800000001,Bauingenieurwe,,,,
511,"['Rail Car Repairers', 'Mobile Heavy Equipment Mechanics, Except Engines', 'Farm Equipment Mechanics and Service Technicians']",49-304,3.0,55.33333333,8.736894948,48.0,50.5,53.0,59.0,65.0,0.157895692,Bahnwagenreparaturwerkstät,,,,
282,"['Upholsterers', 'Fabric and Apparel Patternmakers', 'Extruding and Forming Machine Setters, Operators, and Tenders, Synthetic and Glass Fibers']",51-609,3.0,55.33333333,6.506407099,49.0,52.0,55.0,58.5,62.0,0.11758567,Polste,28232-10,Polster- und Dekorationsnäher/in,282,y
816,"['School Psychologists', 'Neuropsychologists and Clinical Neuropsychologists', 'Industrial-Organizational Psychologists', 'Clinical Psychologists', 'Counseling Psychologists']",19-303,5.0,55.2,12.19426095,40.0,47.0,56.0,62.0,71.0,0.220910524,Schulpsycholo,81624-10,Schulpsychologe/-psychologin,816,y
711,['General and Operations Managers'],11-102,1.0,55.0,0.0,55.0,55.0,55.0,55.0,55.0,0.0,Gene,,,,
833,['Clergy'],21-201,1.0,55.0,0.0,55.0,55.0,55.0,55.0,55.0,0.0,Kle,,,,
921,['Advertising Sales Agents'],41-301,1.0,55.0,0.0,55.0,55.0,55.0,55.0,55.0,0.0,Werbevermitt,,,,
631,['Travel Agents'],41-304,1.0,55.0,0.0,55.0,55.0,55.0,55.0,55.0,0.0,Reisebü,63112-11,Reisebüromitarbeiter/in,631,y
292,['Bakers'],51-301,1.0,55.0,0.0,55.0,55.0,55.0,55.0,55.0,0.0,Bäck,29222-10,Bäcker/in,292,y
223,['Cabinetmakers and Bench Carpenters'],51-701,1.0,55.0,0.0,55.0,55.0,55.0,55.0,55.0,0.0,Schreiner und Tisch,22342-10,Tischler/in,223,y
121,"['Tree Trimmers and Pruners', 'Pesticide Handlers, Sprayers, and Applicators, Vegetation', 'Landscaping and Groundskeeping Workers']",37-301,3.0,54.66666667,23.797759,29.0,44.0,59.0,67.5,76.0,0.43532486,Baumschneider und Baumschneiderin,,,,
293,"['Food Batchmakers', 'Food and Tobacco Roasting, Baking, and Drying Machine Operators and Tenders', 'Food Cooking Machine Operators and Tenders']",51-309,3.0,54.66666667,19.03505538,35.0,45.5,56.0,64.5,73.0,0.34820223299999997,Food Batchmak,,,,
843,"['Architecture Teachers, Postsecondary', 'Engineering Teachers, Postsecondary']",25-103,2.0,54.5,30.40559159,33.0,43.75,54.5,65.25,76.0,0.557900763,Architekturleh,,,,
621,"['First-Line Supervisors of Retail Sales Workers', 'First-Line Supervisors of Non-Retail Sales Workers']",41-101,2.0,54.5,16.26345597,43.0,48.75,54.5,60.25,66.0,0.298412036,Erstrangige Aufsichtsbeamte für Verkäufer im Einzelhand,,,,
935,"['Gem and Diamond Workers', 'Jewelers', 'Precious Metal Workers']",51-907,3.0,54.33333333,10.69267662,42.0,51.0,60.0,60.5,61.0,0.19679772899999998,Edelst,93522-13,Edelsteinfasser/in,935,y
213,"['Cleaning, Washing, and Metal Pickling Equipment Operators and Tenders', 'Paper Goods Machine Setters, Operators, and Tenders', 'Glass Blowers, Molders, Benders, and Finishers', 'Molding and Casting Workers', 'Cooling and Freezing Equipment Operators and Tenders', 'Etchers and Engravers', 'Recycling and Reclamation Workers', 'Potters, Manufacturing', 'Stone Cutters and Carvers, Manufacturing', 'Helpers--Production Workers', 'Tire Builders', 'Adhesive Bonding Machine Operators and Tenders']",51-919,12.0,54.16666667,10.06192945,32.0,48.25,55.5,61.0,70.0,0.185758698,Bediener und Ausschreibungen für Reinigu,,,,
311,['Urban and Regional Planners'],19-305,1.0,54.0,0.0,54.0,54.0,54.0,54.0,54.0,0.0,St,31124-11,Stadt- und Regionalplaner/in,311,y
115,['Animal Control Workers'],33-901,1.0,54.0,0.0,54.0,54.0,54.0,54.0,54.0,0.0,Mitarbeiter des Tierschut,,,,
332,"['Paperhangers', 'Painters, Construction and Maintenance']",47-214,2.0,54.0,14.14213562,44.0,49.0,54.0,59.0,64.0,0.2618914,Tapezie,33212-10,Maler/in und Tapezierer/in,332,y
252,['Aircraft Mechanics and Service Technicians'],49-301,1.0,54.0,0.0,54.0,54.0,54.0,54.0,54.0,0.0,Flugzeugmechaniker und Servicetechni,26312-17,Servicetechniker/in - IT,263,
242,"['Computer Numerically Controlled Machine Tool Programmers, Metal and Plastic', 'Computer-Controlled Machine Tool Operators, Metal and Plastic']",51-401,2.0,54.0,4.242640687,51.0,52.5,54.0,55.5,57.0,0.07856742,Compu,23224-10,Computer-Animator/in,232,
223,['Furniture Finishers'],51-702,1.0,54.0,0.0,54.0,54.0,54.0,54.0,54.0,0.0,Möbelfabrikan,,,,
223,"['Sawing Machine Setters, Operators, and Tenders, Wood', 'Woodworking Machine Setters, Operators, and Tenders, Except Sawing']",51-704,2.0,54.0,4.242640687,51.0,52.5,54.0,55.5,57.0,0.07856742,Sägemaschineneinrich,,,,
282,"['Fashion Designers', 'Commercial and Industrial Designers', 'Floral Designers', 'Set and Exhibit Designers', 'Merchandise Displayers and Window Trimmers', 'Interior Designers', 'Graphic Designers']",27-102,7.0,53.85714286,12.86375491,34.0,48.5,53.0,60.0,73.0,0.23884956100000002,Modedesig,28214-10,Modedesigner/in,282,y
312,"['Mapping Technicians', 'Surveying Technicians']",17-303,2.0,53.5,4.949747468,50.0,51.75,53.5,55.25,57.0,0.092518644,Kartierungstechni,,,,
843,"['Mathematical Science Teachers, Postsecondary', 'Computer Science Teachers, Postsecondary']",25-102,2.0,53.5,6.3639610310000005,49.0,51.25,53.5,55.75,58.0,0.11895254300000001,MathematiklehrerInnen für Naturwissenschaf,41234-10,Agrarbiologe/-biologin,412,
272,"['Model Makers, Wood', 'Patternmakers, Wood']",51-703,2.0,53.5,3.5355339060000004,51.0,52.25,53.5,54.75,56.0,0.066084746,Modellba,27293-10,Modellbauermeister/in,272,y
432,"['Information Security Analysts', 'Computer Systems Analysts', 'Informatics Nurse Specialists']",15-112,3.0,53.33333333,6.110100927,48.0,50.0,52.0,56.0,60.0,0.11456439199999999,Informationssicherhe,,,,
252,"['Motorcycle Mechanics', 'Outdoor Power Equipment and Other Small Engine Mechanics', 'Motorboat Mechanics and Service Technicians']",49-305,3.0,53.33333333,10.5039675,43.0,48.0,53.0,58.5,64.0,0.196949391,Motorradmechani,25252-10,Kraftfahrzeugmechatroniker/in - Motorradtechnik,252,y
715,"['Human Resources Assistants, Except Payroll and Timekeeping']",43-416,1.0,53.0,0.0,53.0,53.0,53.0,53.0,53.0,0.0,Assistenten der Personalabteil,71523-10,Fachwirt/in - Personaldienstleistung,715,y
714,['Proofreaders and Copy Markers'],43-908,1.0,53.0,0.0,53.0,53.0,53.0,53.0,53.0,0.0,Korrekturleser und Kopiermarkie,,,,
541,['Laundry and Dry-Cleaning Workers'],51-601,1.0,53.0,0.0,53.0,53.0,53.0,53.0,53.0,0.0,Arbeitnehmer in der Wäscherei und chemischen Reinig,54101-10,Helfer/in - Reinigung,541,y
715,"['Labor Relations Specialists', 'Farm Labor Contractors', 'Human Resources Specialists']",13-107,3.0,52.66666667,12.58305739,41.0,46.0,51.0,58.5,66.0,0.238918811,Spezialisten für Arbeitsbeziehun,,,,
516,"['Logistics Engineers', 'Logisticians', 'Logistics Analysts']",13-108,3.0,52.66666667,4.725815626,49.0,50.0,51.0,54.5,58.0,0.089730676,Logistikingenie,51624-10,Logistiker/in,516,y
422,"['Soil and Water Conservationists', 'Range Managers', 'Park Naturalists', 'Foresters']",19-103,4.0,52.5,14.6401275,41.0,42.5,48.0,58.0,73.0,0.278859572,Bo,,,,
721,"['Sales Agents, Securities and Commodities', 'Securities and Commodities Traders', 'Sales Agents, Financial Services']",41-303,3.0,52.33333333,12.85820101,43.0,45.0,47.0,57.0,67.0,0.245698109,Handelsvertre,61123-10,Handelsvertreter/in,611,
813,['Emergency Management Directors'],11-916,1.0,52.0,0.0,52.0,52.0,52.0,52.0,52.0,0.0,Direktoren für Notfallmanagem,,,,
733,['Librarians'],25-402,1.0,52.0,0.0,52.0,52.0,52.0,52.0,52.0,0.0,Bibliothek,73324-10,Beamt(er/in) - Bibliothekswesen (geh. Dienst),733,y
612,['Energy Brokers'],41-309,1.0,52.0,0.0,52.0,52.0,52.0,52.0,52.0,0.0,Ener,,,,
732,['Receptionists and Information Clerks'],43-417,1.0,52.0,0.0,52.0,52.0,52.0,52.0,52.0,0.0,Rezeptionisten und Informationsmitarbei,,,,
732,"['Production, Planning, and Expediting Clerks']",43-506,1.0,52.0,0.0,52.0,52.0,52.0,52.0,52.0,0.0,Produkt,27104-15,Produktingenieur/in,271,
714,"['Data Entry Keyers', 'Word Processors and Typists']",43-902,2.0,52.0,7.071067812000001,47.0,49.5,52.0,54.5,57.0,0.135982073,Dateneing,71401-11,Datenerfasser/in,714,y
411,"['Bioinformatics Technicians', 'Statistical Assistants']",43-911,2.0,52.0,9.899494937,45.0,48.5,52.0,55.5,59.0,0.190374903,Bioinforma,,,,
525,['Machinists'],51-404,1.0,52.0,0.0,52.0,52.0,52.0,52.0,52.0,0.0,('''Maschinisten''',25101-10,"Helfer/in - Maschinenbau, Betriebstechnik",251,
281,"['Textile Bleaching and Dyeing Machine Operators and Tenders', 'Textile Knitting and Weaving Machine Setters, Operators, and Tenders', 'Textile Winding, Twisting, and Drawing Out Machine Setters, Operators, and Tenders', 'Textile Cutting Machine Setters, Operators, and Tenders']",51-606,4.0,52.0,9.092121131,44.0,45.5,50.0,56.5,64.0,0.174848483,Bediener und Ausschreibungen von Textilble,,,,
413,"['Chemists', 'Materials Scientists']",19-203,2.0,51.5,7.778174592999999,46.0,48.75,51.5,54.25,57.0,0.151032516,Chemi,41312-10,Chemikant/in,413,y
843,"['History Teachers, Postsecondary', 'Art, Drama, and Music Teachers, Postsecondary', 'English Language and Literature Teachers, Postsecondary', 'Communications Teachers, Postsecondary', 'Philosophy and Religion Teachers, Postsecondary', 'Foreign Language and Literature Teachers, Postsecondary']",25-112,6.0,51.5,12.48599215,36.0,47.0,50.5,51.75,74.0,0.24244645,Geschichtsleh,,,,
841,"['Instructional Coordinators', 'Instructional Designers and Technologists']",25-903,2.0,51.5,4.949747468,48.0,49.75,51.5,53.25,55.0,0.09611160099999999,Ausbildungskoordinato,,,,
613,"['Property, Real Estate, and Community Association Managers']",11-914,1.0,51.0,0.0,51.0,51.0,51.0,51.0,51.0,0.0,Manager von Grundstü,61313-11,Betriebswirt/in (Fachschule) - Immobilien,613,y
412,['Biological Technicians'],19-402,1.0,51.0,0.0,51.0,51.0,51.0,51.0,51.0,0.0,Biologische Techni,11113-10,Techniker/in - Agrartechnik,111,
531,['Private Detectives and Investigators'],33-902,1.0,51.0,0.0,51.0,51.0,51.0,51.0,51.0,0.0,Privatdetektive und Ermitt,53152-10,Detektiv/in,531,y
611,['Procurement Clerks'],43-306,1.0,51.0,0.0,51.0,51.0,51.0,51.0,51.0,0.0,Beschaffungsbea,,,,
252,"['Automotive Master Mechanics', 'Automotive Specialty Technicians', 'Automotive Glass Installers and Repairers', 'Automotive Body and Related Repairers']",49-302,4.0,51.0,3.915780041,46.0,49.0,51.5,53.5,55.0,0.076780001,,,,,
245,"['Watch Repairers', 'Medical Equipment Repairers', 'Camera and Photographic Equipment Repairers', 'Musical Instrument Repairers and Tuners']",49-906,4.0,51.0,11.60459679,38.0,45.5,50.0,55.5,66.0,0.227541114,Uhrenreparaturwerkstät,,,,
234,"['Prepress Technicians and Workers', 'Print Binding and Finishing Workers', 'Printing Press Operators']",51-511,3.0,51.0,7.810249676000001,42.0,48.5,55.0,55.5,56.0,0.153142151,Druckvorstufentechniker u,61123-10,Außendienstmitarbeiter/in,611,
242,"['Lathe and Turning Machine Tool Setters, Operators, and Tenders, Metal and Plastic', 'Grinding, Lapping, Polishing, and Buffing Machine Tool Setters, Operators, and Tenders, Metal and Plastic', 'Cutting, Punching, and Press Machine Setters, Operators, and Tenders, Metal and Plastic', 'Milling and Planing Machine Setters, Operators, and Tenders, Metal and Plastic', 'Drilling and Boring Machine Tool Setters, Operators, and Tenders, Metal and Plastic']",51-403,5.0,50.8,3.1144822999999997,48.0,48.0,50.0,53.0,55.0,0.061308707000000004,Einrich,62252-10,Einrichtungsfachberater/in,622,
252,"['Fuel Cell Engineers', 'Mechanical Engineers', 'Automotive Engineers']",17-214,3.0,50.66666667,8.082903769,42.0,47.0,52.0,55.0,58.0,0.159530995,Brennstoffzel,,,,
311,['Construction Managers'],11-902,1.0,50.0,0.0,50.0,50.0,50.0,50.0,50.0,0.0,Construction Manag,92413-10,Community-Manager/in,924,
311,"['Landscape Architects', 'Architects, Except Landscape and Naval']",17-101,2.0,50.0,4.242640687,47.0,48.5,50.0,51.5,53.0,0.084852814,Landschaftsarchitek,12144-10,Landschaftsarchitekt/in,121,
252,['Aerospace Engineers'],17-201,1.0,50.0,0.0,50.0,50.0,50.0,50.0,50.0,0.0,L,25234-10,Ingenieur/in - Luft- und Raumfahrttechnik,252,y
262,"['Energy Engineers', 'Nanosystems Engineers', 'Robotics Engineers', 'Manufacturing Engineers', 'Mechatronics Engineers', 'Validation Engineers', 'Wind Energy Engineers', 'Microsystems Engineers', 'Photonics Engineers', 'Solar Energy Systems Engineers', 'Biochemical Engineers']",17-219,11.0,50.0,7.307530363,38.0,45.5,50.0,55.5,61.0,0.146150607,Ener,26234-12,Ingenieur/in - Energietechnik,262,y
,['Medical Records and Health Information Technicians'],29-207,1.0,50.0,0.0,50.0,50.0,50.0,50.0,50.0,0.0,Medizinische Aufzeichnungen und Gesundheitsinformati,43134-11,Medizininformatiker/in,431,
241,"['Pourers and Casters, Metal', 'Metal-Refining Furnace Operators and Tenders']",51-405,2.0,50.0,9.899494937,43.0,46.5,50.0,53.5,57.0,0.197989899,Giesser und Gies,41422-11,Edelmetallprüfer/in,414,
282,"['Tailors, Dressmakers, and Custom Sewers', 'Sewers, Hand']",51-605,2.0,50.0,18.38477631,37.0,43.5,50.0,56.5,63.0,0.367695526,Schnei,28222-11,Zuschneider/in (Bekleidung),282,y
343,['Water and Wastewater Treatment Plant and System Operators'],51-803,1.0,50.0,0.0,50.0,50.0,50.0,50.0,50.0,0.0,Was,,,,
413,"['Separating, Filtering, Clarifying, Precipitating, and Still Machine Setters, Operators, and Tenders', 'Chemical Equipment Operators and Tenders']",51-901,2.0,49.5,2.121320344,48.0,48.75,49.5,50.25,51.0,0.042854956,Abschei,,,,
262,"['Brownfield Redevelopment Specialists and Site Managers', 'Regulatory Affairs Managers', 'Security Managers', 'Wind Energy Project Managers', 'Investment Fund Managers', 'Loss Prevention Managers', 'Supply Chain Managers', 'Compliance Managers', 'Wind Energy Operations Managers']",11-919,9.0,49.33333333,6.144102864,41.0,44.0,51.0,54.0,58.0,0.12454262599999999,Brownfi,,,,
433,"['Network and Computer Systems Administrators', 'Computer Network Architects', 'Database Administrators', 'Telecommunications Engineering Specialists']",15-114,4.0,49.25,6.898067362000001,39.0,48.75,52.0,52.5,54.0,0.14006228099999998,Netzw,43313-10,PC- und Netzwerkfachkraft,433,y
632,['Lodging Managers'],11-908,1.0,49.0,0.0,49.0,49.0,49.0,49.0,49.0,0.0,Hoteldirekto,63294-10,Hoteldirektor/in,632,y
721,['Credit Analysts'],13-204,1.0,49.0,0.0,49.0,49.0,49.0,49.0,49.0,0.0,Kre,84434-10,Kreativitätspädagoge/-pädagogin,844,
431,['Biomedical Engineers'],17-203,1.0,49.0,0.0,49.0,49.0,49.0,49.0,49.0,0.0,Biomedizinische Ingenie,,,,
421,"['Transportation Planners', 'Geographers', 'Political Scientists', 'Anthropologists', 'Archeologists', 'Historians']",19-309,6.0,49.0,11.47170432,31.0,43.25,51.0,55.75,63.0,0.234116415,Verkehrspla,51504-10,Verkehrsplaner/in,515,
721,"['Insurance Policy Processing Clerks', 'Insurance Claims Clerks']",43-904,2.0,49.0,4.242640687,46.0,47.5,49.0,50.5,52.0,0.086584504,Sachbearbeiter für die Bearbeitung von Versicherungspoli,,,,
211,['Mine Shuttle Car Operators'],53-711,1.0,49.0,0.0,49.0,49.0,49.0,49.0,49.0,0.0,Mine Shuttle Car Operat,,,,
611,"['Buyers and Purchasing Agents, Farm Products', 'Wholesale and Retail Buyers, Except Farm Products', 'Purchasing Agents, Except Wholesale, Retail, and Farm Products']",13-102,3.0,48.66666667,10.69267662,37.0,44.0,51.0,54.5,58.0,0.21971253300000002,Käufer und Einkaufsagen,,,,
511,"['Locomotive Engineers', 'Rail Yard Engineers, Dinkey Operators, and Hostlers', 'Locomotive Firers']",53-401,3.0,48.66666667,3.2145502539999997,45.0,47.5,50.0,50.5,51.0,0.066052402,Lokomo,52202-10,Eisenbahner/in - Betriebsdienst - Lokführer und Transport,522,
714,"['Secretaries and Administrative Assistants, Except Legal, Medical, and Executive', 'Executive Secretaries and Executive Administrative Assistants', 'Legal Secretaries', 'Medical Secretaries']",43-601,4.0,48.5,15.08862706,39.0,40.5,42.0,50.0,71.0,0.311105713,Sekretäre und Verwaltungsassisten,,,,
272,"['Civil Drafters', 'Mechanical Drafters', 'Electrical Drafters', 'Architectural Drafters', 'Electronic Drafters']",17-301,5.0,48.4,1.341640786,47.0,47.0,49.0,49.0,50.0,0.027719851,Zivile Zeich,27212-11,Bauzeichner/in,272,y
621,"['Sales Representatives, Wholesale and Manufacturing, Except Technical and Scientific Products', 'Sales Representatives, Wholesale and Manufacturing, Technical and Scientific Products', 'Solar Sales Representatives and Assessors']",41-401,3.0,48.33333333,3.2145502539999997,46.0,46.5,47.0,49.5,52.0,0.06650793599999999,Handelsvertre,61123-10,Handelsvertreter/in,611,
273,"['Industrial Production Managers', 'Geothermal Production Managers', 'Quality Control Systems Managers', 'Biofuels Production Managers', 'Biomass Power Plant Managers', 'Hydroelectric Production Managers']",11-305,6.0,48.0,6.228964601,38.0,45.0,49.0,52.25,55.0,0.129770096,Leiter der industriellen Produkti,,,,
263,"['Radio Frequency Identification Device Specialists', 'Electrical Engineers', 'Electronics Engineers, Except Computer']",17-207,3.0,48.0,3.0,45.0,46.5,48.0,49.5,51.0,0.0625,Spezialisten für Radiofrequ,,,,
211,"['Mining and Geological Engineers, Including Mining Safety Engineers']",17-215,1.0,48.0,0.0,48.0,48.0,48.0,48.0,48.0,0.0,Berg,21112-10,Berg- und Maschinenmann/-frau - Transport und Instandhaltung,211,y
833,"['Directors, Religious Activities and Education']",21-202,1.0,48.0,0.0,48.0,48.0,48.0,48.0,48.0,0.0,Direkto,63294-10,Hoteldirektor/in,632,
843,"['Business Teachers, Postsecondary']",25-101,1.0,48.0,0.0,48.0,48.0,48.0,48.0,48.0,0.0,Wirtschaftsleh,84214-13,Wirtschaftspädagoge/-pädagogin,842,y
512,['Traffic Technicians'],53-604,1.0,48.0,0.0,48.0,48.0,48.0,48.0,48.0,0.0,Verkehrstechni,51523-10,Techniker/in - Verkehrstechnik (Eisenbahnbetrieb),515,y
525,['Crane and Tower Operators'],53-702,1.0,48.0,0.0,48.0,48.0,48.0,48.0,48.0,0.0,K,,,,
733,"['Archivists', 'Curators', 'Museum Technicians and Conservators']",25-401,3.0,47.66666667,6.350852961,44.0,44.0,44.0,49.5,55.0,0.133234678,Archiv,73314-10,Archivar/in,733,y
921,"['Sales Managers', 'Marketing Managers']",11-202,2.0,47.5,0.7071067809999999,47.0,47.25,47.5,47.75,48.0,0.014886459,Verkaufslei,62194-12,Verkaufsleiter/in im Lebensmittelhandwerk,621,
513,"['Logistics Managers', 'Transportation Managers', 'Storage and Distribution Managers']",11-307,3.0,47.33333333,5.0332229569999996,42.0,45.0,48.0,50.0,52.0,0.106335696,Logistikmana,51613-10,Betriebswirt/in (Ausbildung) - Verkehr/Logistik,516,y
312,"['Surveyors', 'Cartographers and Photogrammetrists', 'Geodetic Surveyors']",17-102,3.0,47.33333333,7.0237691689999995,40.0,44.0,48.0,51.0,54.0,0.148389489,Landvermes,31213-10,Techniker/in - Vermessungstechnik,312,y
722,"['Fraud Examiners, Investigators and Analysts', 'Financial Quantitative Analysts', 'Risk Management Specialists']",13-209,3.0,47.0,4.582575695,43.0,44.5,46.0,49.0,52.0,0.097501611,Betrugsermitt,,,,
533,['Pest Control Workers'],37-202,1.0,47.0,0.0,47.0,47.0,47.0,47.0,47.0,0.0,Schädlingsbekämpfungsarbei,,,,
714,['First-Line Supervisors of Office and Administrative Support Workers'],43-101,1.0,47.0,0.0,47.0,47.0,47.0,47.0,47.0,0.0,Vorgesetzte der ersten Linie der B,,,,
732,['File Clerks'],43-407,1.0,47.0,0.0,47.0,47.0,47.0,47.0,47.0,0.0,Sachbearbeit,51623-10,Sachbearbeiter/in - Logistik,516,
843,"['Atmospheric, Earth, Marine, and Space Sciences Teachers, Postsecondary', 'Chemistry Teachers, Postsecondary', 'Environmental Science Teachers, Postsecondary', 'Physics Teachers, Postsecondary']",25-105,4.0,46.75,8.421203398,37.0,42.25,46.5,51.0,57.0,0.180132693,Lehrer für Atmosphä,,,,
721,"['Insurance Adjusters, Examiners, and Investigators', 'Claims Examiners, Property and Casualty Insurance', 'Insurance Appraisers, Auto Damage']",13-103,3.0,46.66666667,8.144527815,41.0,42.0,43.0,49.5,56.0,0.174525596,Versicherungssachverständ,,,,
244,"['Welding, Soldering, and Brazing Machine Setters, Operators, and Tenders', 'Solderers and Brazers', 'Welders, Cutters, and Welder Fitters']",51-412,3.0,46.66666667,5.0332229569999996,42.0,44.0,46.0,49.0,52.0,0.10785477800000001,Schw,24422-11,Schweißer/in,244,y
311,"['Civil Engineers', 'Transportation Engineers']",17-205,2.0,46.5,2.121320344,45.0,45.75,46.5,47.25,48.0,0.045619792,Bauingenie,,,,
311,"['City and Regional Planning Aides', 'Social Science Research Assistants']",19-406,2.0,46.5,0.7071067809999999,46.0,46.25,46.5,46.75,47.0,0.015206596999999999,Hilfen zur St,,,,
412,"['Soil and Plant Scientists', 'Animal Scientists', 'Food Scientists and Technologists']",19-101,3.0,46.33333333,5.507570547,41.0,43.5,46.0,49.0,52.0,0.118868429,Bo,,,,
412,"['Geneticists', 'Biologists', 'Bioinformatics Scientists', 'Zoologists and Wildlife Biologists', 'Microbiologists', 'Molecular and Cellular Biologists', 'Biochemists and Biophysicists']",19-102,7.0,46.28571429,9.286446858,34.0,40.0,45.0,52.0,61.0,0.200633111,Geneti,41284-10,Genetiker/in,412,y
921,['Advertising and Promotions Managers'],11-201,1.0,46.0,0.0,46.0,46.0,46.0,46.0,46.0,0.0,Manager für Werbung und Verkaufsförder,92113-13,Betriebswirt/in (Fachschule) - Absatz/Marketing,921,y
715,['Training and Development Managers'],11-313,1.0,46.0,0.0,46.0,46.0,46.0,46.0,46.0,0.0,Manager für Ausbildung und Entwickl,,,,
722,"['Auditors', 'Accountants']",13-201,2.0,46.0,9.899494937,39.0,42.5,46.0,49.5,53.0,0.21520641199999999,Wirtschaftsprü,72244-10,Wirtschaftsprüfer/in,722,y
613,"['Appraisers, Real Estate', 'Assessors']",13-202,2.0,46.0,16.97056275,34.0,40.0,46.0,52.0,58.0,0.36892527700000005,Gutach,31164-10,Bausachverständige/r,311,
262,['Nuclear Engineers'],17-216,1.0,46.0,0.0,46.0,46.0,46.0,46.0,46.0,0.0,Nukl,,,,
414,['Atmospheric and Space Scientists'],19-202,1.0,46.0,0.0,46.0,46.0,46.0,46.0,46.0,0.0,Atmosphä,,,,
922,['Public Relations Specialists'],27-303,1.0,46.0,0.0,46.0,46.0,46.0,46.0,46.0,0.0,Fachleute für Öffentlichkeitsarb,92203-11,Assistent/in - Pressestelle,922,y
612,"['Shipping, Receiving, and Traffic Clerks']",43-507,1.0,46.0,0.0,46.0,46.0,46.0,46.0,46.0,0.0,Vers,51622-10,Expedient/in,516,
432,"['Data Warehousing Specialists', 'Computer Systems Engineers/Architects', 'Database Architects', 'Information Technology Project Managers', 'Business Intelligence Analysts', 'Geographic Information Systems Technicians', 'Video Game Designers', 'Document Management Specialists', 'Search Marketing Strategists', 'Web Administrators', 'Geospatial Information Scientists and Technologists', 'Software Quality Assurance Engineers and Testers']",15-119,12.0,45.75,3.596083728,39.0,44.0,46.0,47.5,51.0,0.07860292299999999,Data Warehous,,,,
413,"['Wellhead Pumpers', 'Pump Operators, Except Wellhead Pumpers', 'Gas Compressor and Gas Pumping Station Operators']",53-707,3.0,45.66666667,24.13158373,19.0,35.5,52.0,59.0,66.0,0.528428841,Bohrlochkopfpum,,,,
711,"['Chief Sustainability Officers', 'Chief Executives']",11-101,2.0,45.5,3.5355339060000004,43.0,44.25,45.5,46.75,48.0,0.077704042,Chief Sustainability Offic,,,,
111,"['First-Line Supervisors of Animal Husbandry and Animal Care Workers', 'First-Line Supervisors of Agricultural Crop and Horticultural Workers', 'First-Line Supervisors of Aquacultural Workers', 'First-Line Supervisors of Logging Workers']",45-101,4.0,45.5,14.47987109,32.0,38.75,42.0,48.75,66.0,0.318238925,Fi,,,,
721,"['Personal Financial Advisors', 'Insurance Underwriters', 'Financial Analysts']",13-205,3.0,45.33333333,7.637626158,37.0,42.0,47.0,49.5,52.0,0.16847704800000002,Persönliche Finanzbera,72124-10,Anlageberater/in,721,y
251,"['Crushing, Grinding, and Polishing Machine Setters, Operators, and Tenders', 'Grinding and Polishing Workers, Hand', 'Mixing and Blending Machine Setters, Operators, and Tenders']",51-902,3.0,45.33333333,13.79613472,35.0,37.5,40.0,50.5,61.0,0.304326501,Einrich,62252-10,Einrichtungsfachberater/in,622,
843,"['Geography Teachers, Postsecondary', 'Anthropology and Archeology Teachers, Postsecondary', 'Sociology Teachers, Postsecondary', 'Psychology Teachers, Postsecondary', 'Economics Teachers, Postsecondary', 'Political Science Teachers, Postsecondary', 'Area, Ethnic, and Cultural Studies Teachers, Postsecondary']",25-106,7.0,45.28571429,4.231401883999999,40.0,43.0,44.0,47.0,53.0,0.09343789599999999,GeografielehrerIn,,,,
732,['Administrative Services Managers'],11-301,1.0,45.0,0.0,45.0,45.0,45.0,45.0,45.0,0.0,Leiter der Verwaltungsdien,,,,
813,['Medical and Health Services Managers'],11-911,1.0,45.0,0.0,45.0,45.0,45.0,45.0,45.0,0.0,Führungskräfte in Medizin und Gesundheitswe,73222-10,Kaufmann/-frau - Gesundheitswesen,732,
111,['Agricultural Engineers'],17-202,1.0,45.0,0.0,45.0,45.0,45.0,45.0,45.0,0.0,Landwirtschaftsingenie,11104-11,Agrarwissenschaftler/in,111,y
413,['Chemical Engineers'],17-204,1.0,45.0,0.0,45.0,45.0,45.0,45.0,45.0,0.0,Chemieingenie,,,,
414,['Materials Engineers'],17-213,1.0,45.0,0.0,45.0,45.0,45.0,45.0,45.0,0.0,Werkst,27393-10,Werkstattleiter/in,273,
541,"['Maids and Housekeeping Cleaners', 'Janitors and Cleaners, Except Maids and Housekeeping Cleaners']",37-201,2.0,45.0,4.242640687,42.0,43.5,45.0,46.5,48.0,0.094280904,Zimmermädchen und Haushaltsreini,,,,
722,['Bill and Account Collectors'],43-301,1.0,45.0,0.0,45.0,45.0,45.0,45.0,45.0,0.0,Rechnu,72214-10,Rechnungsprüfer/in,722,y
722,['Loan Interviewers and Clerks'],43-413,1.0,45.0,0.0,45.0,45.0,45.0,45.0,45.0,0.0,L,51623-10,Sachbearbeiter/in - Logistik,516,
513,['Couriers and Messengers'],43-502,1.0,45.0,0.0,45.0,45.0,45.0,45.0,45.0,0.0,Kuriere und Bo,52182-10,Botenfahrer/in,521,
232,['Desktop Publishers'],43-903,1.0,45.0,0.0,45.0,45.0,45.0,45.0,45.0,0.0,Desk,23212-14,DTP-Fachkraft,232,y
413,"['Architectural and Engineering Managers', 'Biofuels/Biodiesel Technology and Product Development Managers']",11-904,2.0,44.5,2.121320344,43.0,43.75,44.5,45.25,46.0,0.04767012,Manager aus Architektur und Ingenieurwe,61124-10,Application-Engineer/-Manager/in,611,
434,"['Computer Programmers', 'Software Developers, Systems Software', 'Web Developers', 'Software Developers, Applications']",15-113,4.0,44.5,4.509249753,39.0,42.75,44.5,46.25,50.0,0.101331455,Computerprogrammie,,,,
722,"['Treasurers and Controllers', 'Financial Managers, Branch or Department']",11-303,2.0,44.0,12.72792206,35.0,39.5,44.0,48.5,53.0,0.289270956,Schatzmeister und Rechnungsprü,72214-10,Rechnungsprüfer/in,722,y
722,['Cost Estimators'],13-105,1.0,44.0,0.0,44.0,44.0,44.0,44.0,44.0,0.0,Kostenschät,,,,
431,['Computer Hardware Engineers'],17-206,1.0,44.0,0.0,44.0,44.0,44.0,44.0,44.0,0.0,Compu,23224-10,Computer-Animator/in,232,
421,"['Geophysical Data Technicians', 'Geological Sample Test Technicians']",19-404,2.0,44.0,0.0,44.0,44.0,44.0,44.0,44.0,0.0,Geophysikalische Datentechni,26302-10,Elektrotechnische/r Assistent/in,263,
843,"['Social Work Teachers, Postsecondary', 'Law Teachers, Postsecondary', 'Criminal Justice and Law Enforcement Teachers, Postsecondary']",25-111,3.0,44.0,11.78982612,34.0,37.5,41.0,49.0,57.0,0.267950594,SozialarbeitslehrerIn,,,,
722,"['Bookkeeping, Accounting, and Auditing Clerks']",43-303,1.0,44.0,0.0,44.0,44.0,44.0,44.0,44.0,0.0,Sachbearbeiter für Buchhalt,72213-11,Assistent/in/Fachkraft - Rechnungswesen,722,y
343,"['Water/Wastewater Engineers', 'Environmental Engineers']",17-208,2.0,43.5,4.949747468,40.0,41.75,43.5,45.25,47.0,0.11378729800000001,Was,,,,
722,"['Loan Officers', 'Credit Counselors', 'Loan Counselors']",13-207,3.0,43.33333333,4.1633319989999995,40.0,41.0,42.0,45.0,48.0,0.096076892,Kreditsachbearbei,72113-10,Kreditsachbearbeiter/in,721,y
343,"['Water Resource Specialists', 'Clinical Research Coordinators', 'Natural Sciences Managers']",11-912,3.0,43.0,3.0,40.0,41.5,43.0,44.5,46.0,0.069767442,Spezialisten für Wasserressourc,,,,
941,"['Agents and Business Managers of Artists, Performers, and Athletes']",13-101,1.0,43.0,0.0,43.0,43.0,43.0,43.0,43.0,0.0,Agenten und Geschäftsleiter von Künstl,,,,
722,['Budget Analysts'],13-203,1.0,43.0,0.0,43.0,43.0,43.0,43.0,43.0,0.0,Haushaltsanalyti,,,,
111,['Farm and Home Management Advisors'],25-902,1.0,43.0,0.0,43.0,43.0,43.0,43.0,43.0,0.0,Farm and Home Management Advis,,,,
714,['Correspondence Clerks'],43-402,1.0,43.0,0.0,43.0,43.0,43.0,43.0,43.0,0.0,Korrespond,71413-10,Fremdsprachenkorrespondent/in (Ausbildung),714,y
212,"['Rock Splitters, Quarry']",47-505,1.0,43.0,0.0,43.0,43.0,43.0,43.0,43.0,0.0,Gesteinsspal,,,,
733,"['Library Science Teachers, Postsecondary', 'Education Teachers, Postsecondary']",25-108,2.0,42.5,2.121320344,41.0,41.75,42.5,43.25,44.0,0.04991342,BibliothekswissenschaftslehrerIn,,,,
831,['Social and Community Service Managers'],11-915,1.0,42.0,0.0,42.0,42.0,42.0,42.0,42.0,0.0,Manager im Soz,,,,
434,['Computer Operators'],43-901,1.0,42.0,0.0,42.0,42.0,42.0,42.0,42.0,0.0,Compu,43333-10,Operator/in (EDV),433,y
212,"['Earth Drillers, Except Oil and Gas']",47-502,1.0,42.0,0.0,42.0,42.0,42.0,42.0,42.0,0.0,Erdboh,52522-10,Erdbewegungsmaschinenführer/in,525,
211,"['Dredge Operators', 'Excavating and Loading Machine and Dragline Operators', 'Loading Machine Operators, Underground Mining']",53-703,3.0,42.0,16.09347694,27.0,33.5,40.0,49.5,59.0,0.383178022,Baggerfüh,52522-10,Baggerführer/in,525,
111,"['Agricultural Equipment Operators', 'Farmworkers, Farm, Ranch, and Aquacultural Animals', 'Nursery Workers', 'Farmworkers and Laborers, Crop']",45-209,4.0,41.5,16.58312395,24.0,35.25,39.0,45.25,64.0,0.39959334799999996,Betreiber landwirtschaftlicher Ger,,,,
311,"['Hydrologists', 'Environmental Scientists and Specialists, Including Health', 'Industrial Ecologists', 'Climate Change Analysts', 'Environmental Restoration Planners', 'Geoscientists, Except Hydrologists and Geographers']",19-204,6.0,41.33333333,4.8027769739999995,38.0,39.25,40.0,40.0,51.0,0.11619621699999999,Hydrolo,42124-12,Hydrologe/Hydrologin,421,
433,['Computer and Information Systems Managers'],11-302,1.0,41.0,0.0,41.0,41.0,41.0,41.0,41.0,0.0,Leiter von Compu,,,,
611,['Purchasing Managers'],11-306,1.0,41.0,0.0,41.0,41.0,41.0,41.0,41.0,0.0,Einkaufslei,61113-10,Einkäufer/in,611,y
715,['Human Resources Managers'],11-312,1.0,41.0,0.0,41.0,41.0,41.0,41.0,41.0,0.0,Personalch,71594-10,Leiter/in - Personal,715,y
713,['Management Analysts'],13-111,1.0,41.0,0.0,41.0,41.0,41.0,41.0,41.0,0.0,Managem,71403-11,Managementassistent/in (doppelqual. Ausbildung),714,y
713,['Operations Research Analysts'],15-203,1.0,41.0,0.0,41.0,41.0,41.0,41.0,41.0,0.0,Operations Research Analys,,,,
511,"['Railroad Brake, Signal, and Switch Operators']",53-402,1.0,41.0,0.0,41.0,41.0,41.0,41.0,41.0,0.0,Eisenbahnbr,,,,
412,"['Epidemiologists', 'Medical Scientists, Except Epidemiologists']",19-104,2.0,40.5,3.5355339060000004,38.0,39.25,40.5,41.75,43.0,0.08729713300000001,Epidemiolo,81214-11,Epidemiologe/Epidemiologin,812,
411,['Mathematicians'],15-202,1.0,40.0,0.0,40.0,40.0,40.0,40.0,40.0,0.0,Mathemati,41104-10,Mathematiker/in,411,y
312,['Remote Sensing Scientists and Technologists'],19-209,1.0,40.0,0.0,40.0,40.0,40.0,40.0,40.0,0.0,Fernerkundu,,,,
913,['Survey Researchers'],19-302,1.0,40.0,0.0,40.0,40.0,40.0,40.0,40.0,0.0,Umfrage Forsc,84304-21,Forschungsreferent/in,843,
913,['Sociologists'],19-304,1.0,40.0,0.0,40.0,40.0,40.0,40.0,40.0,0.0,Soziolo,91324-11,Soziologe/Soziologin,913,y
924,"['Technical Writers', 'Copy Writers', 'Poets, Lyricists and Creative Writers', 'Editors']",27-304,4.0,39.75,17.85823806,14.0,35.0,45.5,50.25,54.0,0.449263851,Technische Redakte,92413-10,Redakteur/in,924,y
843,"['Agricultural Sciences Teachers, Postsecondary', 'Biological Science Teachers, Postsecondary', 'Forestry and Conservation Science Teachers, Postsecondary']",25-104,3.0,39.66666667,7.5055534989999995,32.0,36.0,40.0,43.5,47.0,0.189215634,Lehrkräfte für Agrarwissenschaf,41234-10,Agrarbiologe/-biologin,412,
411,"['Statisticians', 'Biostatisticians', 'Clinical Data Managers']",15-204,3.0,39.0,7.937253932999999,33.0,34.5,36.0,42.0,48.0,0.203519332,Statisti,,,,
414,"['Astronomers', 'Physicists']",19-201,2.0,39.0,11.3137085,31.0,35.0,39.0,43.0,47.0,0.29009509,Astrono,41484-11,"Astrophysiker/in, Astronom/in",414,y
731,['Paralegals and Legal Assistants'],23-201,1.0,39.0,0.0,39.0,39.0,39.0,39.0,39.0,0.0,Rechtsanwaltsgehilfen und Rechtsassisten,,,,
933,"['Craft Artists', 'Art Directors', 'Fine Artists, Including Painters, Sculptors, and Illustrators', 'Multimedia Artists and Animators']",27-101,4.0,38.75,22.51480994,9.0,27.75,43.5,54.5,59.0,0.581027353,Kunsthandwerkliche Künst,94494-10,Künstlerische/r Betriebsdirektor/in,944,
922,['Public Relations and Fundraising Managers'],11-203,1.0,38.0,0.0,38.0,38.0,38.0,38.0,38.0,0.0,Manager für Öffentlichkeitsarbeit und Fundrais,92203-10,Fundraiser/in,922,y
944,['Motion Picture Projectionists'],39-302,1.0,37.0,0.0,37.0,37.0,37.0,37.0,37.0,0.0,Filmprojektionis,,,,
732,['Payroll and Timekeeping Clerks'],43-305,1.0,37.0,0.0,37.0,37.0,37.0,37.0,37.0,0.0,L,,,,
,"['Meter Readers, Utilities']",43-504,1.0,37.0,0.0,37.0,37.0,37.0,37.0,37.0,0.0,Zählerable,25131-10,Zählerableser/in,251,
252,['Conveyor Operators and Tenders'],53-701,1.0,37.0,0.0,37.0,37.0,37.0,37.0,37.0,0.0,Förderanlagenbetreiber und Ausschreibun,,,,
913,['Market Research Analysts and Marketing Specialists'],13-116,1.0,36.0,0.0,36.0,36.0,36.0,36.0,36.0,0.0,Marktforschungsanalysten und Market,,,,
611,['Sales Engineers'],41-903,1.0,36.0,0.0,36.0,36.0,36.0,36.0,36.0,0.0,Vertriebsingenie,61124-10,Vertriebsingenieur/in,611,y
411,['Actuaries'],15-201,1.0,35.0,0.0,35.0,35.0,35.0,35.0,35.0,0.0,Aktu,41184-10,Aktuar/in,411,y
281,"['Pressers, Textile, Garment, and Related Materials']",51-602,1.0,35.0,0.0,35.0,35.0,35.0,35.0,35.0,0.0,Druc,23493-10,Druckermeister/in,234,
521,['Industrial Truck and Tractor Operators'],53-705,1.0,34.0,0.0,34.0,34.0,34.0,34.0,34.0,0.0,Betreiber von Flurförderzeugen und Trakto,25222-13,Land- und Baumaschinenmechatroniker/in,252,
731,"['Judicial Law Clerks', 'Lawyers']",23-101,2.0,33.5,0.7071067809999999,33.0,33.25,33.5,33.75,34.0,0.021107665,Gerichtssachbearbei,,,,
431,['Computer and Information Research Scientists'],15-111,1.0,33.0,0.0,33.0,33.0,33.0,33.0,33.0,0.0,Informatiker und Informationsforsc,,,,
113,['Animal Breeders'],45-202,1.0,33.0,0.0,33.0,33.0,33.0,33.0,33.0,0.0,Tierzüch,81143-10,Fachagrarwirt/in - Besamungswesen,811,
722,['Compensation and Benefits Managers'],11-311,1.0,32.0,0.0,32.0,32.0,32.0,32.0,32.0,0.0,Manager für Vergütung und Sozialleistun,,,,
722,"['Compensation, Benefits, and Job Analysis Specialists']",13-114,1.0,32.0,0.0,32.0,32.0,32.0,32.0,32.0,0.0,Spezialisten für Entlohn,,,,
914,"['Environmental Economists', 'Economists']",19-301,2.0,31.0,2.828427125,29.0,30.0,31.0,32.0,33.0,0.091239585,Umweltökono,42314-11,Betriebswirt/in (Hochschule) - Umweltökonomie,423,
412,['Petroleum Engineers'],17-217,1.0,30.0,0.0,30.0,30.0,30.0,30.0,30.0,0.0,Erdölingenie,21114-11,Ingenieur/in - Rohstoffgewinnung und -aufbereitung,211,
117,"['Log Graders and Scalers', 'Logging Equipment Operators', 'Fallers']",45-402,3.0,23.0,21.9317122,7.0,10.5,14.0,31.0,48.0,0.953552704,Log Grader und Scal,,,,
117,['Hunters and Trappers'],45-302,1.0,17.0,0.0,17.0,17.0,17.0,17.0,17.0,0.0,Jäger und Fallenstel,,,,
