"germancode","jobs","code","count","mean","std","min","25%","50%","75%","max","rel_std"
814,"['Dental Hygienists']","29-202",1,100,0,100,100,100,100,100,0
942,"['Choreographers', 'Dancers']","27-203",2,99,"1.414213562",98,"98.5",99,"99.5",100,"0.014284985"
814,"['Orthodontists', 'Oral and Maxillofacial Surgeons', 'Prosthodontists', 'Dentists, General']","29-102",4,97,"3.366501646",92,"96.5","98.5",99,99,"0.034706203"
813,"['Nurse Midwives']","29-116",1,97,0,97,97,97,97,97,0
813,"['Emergency Medical Technicians and Paramedics']","29-204",1,97,0,97,97,97,97,97,0
817,"['Chiropractors']","29-101",1,96,0,96,96,96,96,96,0
514,"['Flight Attendants']","53-203",1,96,0,96,96,96,96,96,0
817,"['Podiatrists']","29-108",1,95,0,95,95,95,95,95,0
817,"['Physical Therapist Aides', 'Physical Therapist Assistants']","31-202",2,"94.5","0.707106781",94,"94.25","94.5","94.75",95,"0.007482611"
823,"['Barbers', 'Hairdressers, Hairstylists, and Cosmetologists']","39-501",2,"93.5","2.121320344",92,"92.75","93.5","94.25",95,"0.022687918"
514,"['Transportation Attendants, Except Flight Attendants']","53-606",1,93,0,93,93,93,93,93,0
823,"['Makeup Artists, Theatrical and Performance', 'Manicurists and Pedicurists', 'Shampooers', 'Skincare Specialists']","39-509",4,"91.5","5.446711546",86,89,"90.5",93,99,"0.059526902"
825,"['Orthotists and Prosthetists', 'Neurodiagnostic Technologists', 'Surgical Assistants', 'Radiologic Technicians', 'Hearing Aid Specialists', 'Ophthalmic Medical Technologists']","29-209",6,"91.33333333","6.801960502",79,"89.5",94,"95.5",97,"0.07447402"
815,"['Veterinarians']","29-113",1,91,0,91,91,91,91,91,0
813,"['Home Health Aides', 'Nursing Assistants', 'Orderlies', 'Psychiatric Aides']","31-101",4,"90.25","5.377421935",84,"87.75",90,"92.5",97,"0.059583623"
825,"['Optometrists']","29-104",1,90,0,90,90,90,90,90,0
817,"['Acupuncturists', 'Orthoptists', 'Naturopathic Physicians']","29-119",3,90,"1.732050808",88,"89.5",91,91,91,"0.019245009"
813,"['Licensed Practical and Licensed Vocational Nurses']","29-206",1,90,0,90,90,90,90,90,0
813,"['Ambulance Drivers and Attendants, Except Emergency Medical Technicians']","53-301",1,90,0,90,90,90,90,90,0
817,"['Massage Therapists']","31-901",1,89,0,89,89,89,89,89,0
413,"['Roustabouts, Oil and Gas']","47-507",1,89,0,89,89,89,89,89,0
817,"['Speech-Language Pathologists', 'Physical Therapists', 'Respiratory Therapists', 'Exercise Physiologists', 'Low Vision Therapists, Orientation and Mobility Specialists, and Vision Rehabilitation Therapists', 'Art Therapists', 'Radiation Therapists', 'Music Therapists', 'Recreational Therapists', 'Occupational Therapists']","29-112",10,"88.9","8.569325139",73,"84.5","90.5","94.5",100,"0.096392859"
825,"['Diagnostic Medical Sonographers', 'Radiologic Technologists', 'Nuclear Medicine Technologists', 'Cardiovascular Technologists and Technicians', 'Magnetic Resonance Imaging Technologists']","29-203",5,"88.6","8.324662155",76,86,89,95,97,"0.093957812"
841,"['Teacher Assistants']","25-904",1,88,0,88,88,88,88,88,0
811,"['Physician Assistants', 'Anesthesiologist Assistants']","29-107",2,88,0,88,88,88,88,88,0
813,"['Registered Nurses', 'Advanced Practice Psychiatric Nurses', 'Clinical Nurse Specialists', 'Critical Care Nurses', 'Acute Care Nurses']","29-114",5,88,"8.746427842",77,80,94,94,95,"0.099391225"
293,"['First-Line Supervisors of Food Preparation and Serving Workers', 'Chefs and Head Cooks']","35-101",2,88,"9.899494937",81,"84.5",88,"91.5",95,"0.112494261"
825,"['Respiratory Therapy Technicians', 'Surgical Technologists', 'Ophthalmic Medical Technicians', 'Pharmacy Technicians', 'Veterinary Technologists and Technicians', 'Psychiatric Technicians', 'Dietetic Technicians']","29-205",7,"87.42857143","11.55937055",65,84,90,95,99,"0.132215023"
813,"['Nurse Anesthetists']","29-115",1,87,0,87,87,87,87,87,0
241,"['Structural Iron and Steel Workers']","47-222",1,87,0,87,87,87,87,87,0
817,"['Occupational Therapy Assistants', 'Occupational Therapy Aides']","31-201",2,"86.5","6.363961031",82,"84.25","86.5","88.75",91,"0.073571804"
943,"['Gaming and Sports Book Writers and Runners', 'Gaming Dealers']","39-301",2,"86.5","2.121320344",85,"85.75","86.5","87.25",88,"0.024523935"
813,"['Personal Care Aides']","39-902",1,86,0,86,86,86,86,86,0
813,"['Nurse Practitioners']","29-117",1,85,0,85,85,85,85,85,0
511,"['Rail-Track Laying and Maintenance Equipment Operators']","47-406",1,85,0,85,85,85,85,85,0
823,"['First-Line Supervisors of Personal Service Workers', 'Spa Managers']","39-102",2,"84.5","3.535533906",82,"83.25","84.5","85.75",87,"0.041840638"
111,"['Graders and Sorters, Agricultural Products']","45-204",1,84,0,84,84,84,84,84,0
814,"['Anesthesiologists', 'Hospitalists', 'Nuclear Medicine Physicians', 'Ophthalmologists', 'Pediatricians, General', 'Internists, General', 'Physical Medicine and Rehabilitation Physicians', 'Dermatologists', 'Neurologists', 'Sports Medicine Physicians', 'Pathologists', 'Psychiatrists', 'Urologists', 'Radiologists', 'Preventive Medicine Physicians', 'Allergists and Immunologists', 'Family and General Practitioners', 'Surgeons', 'Obstetricians and Gynecologists']","29-106",19,"83.05263158","18.10301904",32,74,91,"95.5",100,"0.217970445"
831,"['Adapted Physical Education Specialists', 'Special Education Teachers, Kindergarten and Elementary School', 'Special Education Teachers, Secondary School', 'Special Education Teachers, Preschool', 'Special Education Teachers, Middle School']","25-205",5,83,"6.123724357",74,81,83,87,90,"0.073779812"
825,"['Opticians, Dispensing']","29-208",1,83,0,83,83,83,83,83,0
633,"['Dining Room and Cafeteria Attendants and Bartender Helpers']","35-901",1,82,0,82,82,82,82,82,0
943,"['Slot Supervisors', 'Gaming Supervisors']","39-101",2,82,"2.828427125",80,81,82,83,84,"0.034493014"
341,"['Ushers, Lobby Attendants, and Ticket Takers']","39-303",1,82,0,82,82,82,82,82,0
413,"['Rotary Drill Operators, Oil and Gas', 'Service Unit Operators, Oil, Gas, and Mining', 'Derrick Operators, Oil and Gas']","47-501",3,82,"4.358898944",79,"79.5",80,"83.5",87,"0.053157304"
523,"['Airline Pilots, Copilots, and Flight Engineers', 'Commercial Pilots']","53-201",2,82,"1.414213562",81,"81.5",82,"82.5",83,"0.017246507"
531,"['Municipal Firefighters', 'Forest Firefighters']","33-201",2,"81.5","10.60660172",74,"77.75","81.5","85.25",89,"0.130142352"
212,"['Stonemasons', 'Brickmasons and Blockmasons']","47-202",2,"81.5","2.121320344",80,"80.75","81.5","82.25",83,"0.02602847"
831,"['Kindergarten Teachers, Except Special Education', 'Preschool Teachers, Except Special Education']","25-201",2,81,"7.071067812",76,"78.5",81,"83.5",86,"0.087297133"
831,"['Tutors']","25-309",1,81,0,81,81,81,81,81,0
621,"['Reservation and Transportation Ticket Agents and Travel Clerks']","43-418",1,81,0,81,81,81,81,81,0
521,"['Bus Drivers, School or Special Client', 'Bus Drivers, Transit and Intercity']","53-302",2,81,"4.242640687",78,"79.5",81,"82.5",84,"0.05237828"
532,"['Correctional Officers and Jailers', 'Bailiffs']","33-301",2,"80.5","0.707106781",80,"80.25","80.5","80.75",81,"0.008783935"
844,"['Adult Basic and Secondary Education and Literacy Teachers and Instructors']","25-301",1,80,0,80,80,80,80,80,0
333,"['Rough Carpenters', 'Construction Carpenters']","47-203",2,80,"1.414213562",79,"79.5",80,"80.5",81,"0.01767767"
,"['Helpers--Extraction Workers']","47-508",1,80,0,80,80,80,80,80,0
818,"['Pharmacy Aides', 'Speech-Language Pathology Assistants', 'Dental Assistants', 'Medical Equipment Preparers', 'Endoscopy Technicians', 'Phlebotomists', 'Medical Assistants', 'Medical Transcriptionists', 'Veterinary Assistants and Laboratory Animal Caretakers']","31-909",9,"79.22222222","15.69058458",42,77,82,88,99,"0.19805787"
633,"['Bartenders']","35-301",1,79,0,79,79,79,79,79,0
633,"['Hosts and Hostesses, Restaurant, Lounge, and Coffee Shop']","35-903",1,79,0,79,79,79,79,79,0
824,"['Funeral Attendants']","39-402",1,79,0,79,79,79,79,79,0
,"['Wind Turbine Service Technicians']","49-908",1,79,0,79,79,79,79,79,0
521,"['Taxi Drivers and Chauffeurs']","53-304",1,79,0,79,79,79,79,79,0
292,"['Butchers and Meat Cutters', 'Slaughterers and Meat Packers', 'Meat, Poultry, and Fish Cutters and Trimmers']","51-302",3,"78.33333333","6.110100927",73,75,77,81,85,"0.078001288"
293,"['Food Service Managers']","11-905",1,78,0,78,78,78,78,78,0
,"['Genetic Counselors', 'Midwives', 'Athletic Trainers']","29-909",3,78,"26.85144316",47,70,93,"93.5",94,"0.344249271"
633,"['Waiters and Waitresses']","35-303",1,78,0,78,78,78,78,78,0
845,"['Fitness Trainers and Aerobics Instructors', 'Recreation Workers']","39-903",2,"77.5","7.778174593",72,"74.75","77.5","80.25",83,"0.100363543"
532,"['Transit and Railroad Police', 'Sheriffs and Deputy Sheriffs', 'Police Patrol Officers']","33-305",3,77,"3.464101615",73,76,79,79,79,"0.044988333"
,"['Telemarketers']","41-904",1,77,0,77,77,77,77,77,0
,"['Gaming Cage Workers']","43-304",1,77,0,77,77,77,77,77,0
321,"['Roofers']","47-218",1,77,0,77,77,77,77,77,0
342,"['Septic Tank Servicers and Sewer Pipe Cleaners']","47-407",1,77,0,77,77,77,77,77,0
321,"['Roof Bolters, Mining']","47-506",1,77,0,77,77,77,77,77,0
,"['Terrazzo Workers and Finishers', 'Cement Masons and Concrete Finishers']","47-205",2,"76.5","13.43502884",67,"71.75","76.5","81.25",86,"0.175621292"
,"['Gaming Managers']","11-907",1,76,0,76,76,76,76,76,0
,"['Self-Enrichment Education Teachers']","25-302",1,76,0,76,76,76,76,76,0
,"['Fish and Game Wardens']","33-303",1,76,0,76,76,76,76,76,0
621,"['Tellers']","43-307",1,76,0,76,76,76,76,76,0
841,"['Middle School Teachers, Except Special and Career/Technical Education', 'Career/Technical Education Teachers, Middle School', 'Elementary School Teachers, Except Special Education']","25-202",3,"75.66666667","4.932882862",70,74,78,"78.5",79,"0.065192285"
212,"['Refractory Materials Repairers, Except Brickmasons', 'Maintenance Workers, Machinery', 'Industrial Machinery Mechanics', 'Millwrights']","49-904",4,"75.5","3.696845502",72,"72.75",75,"77.75",80,"0.048964841"
831,"['Childcare Workers', 'Nannies']","39-901",2,75,"9.899494937",68,"71.5",75,"78.5",82,"0.131993266"
262,"['Electricians']","47-211",1,75,0,75,75,75,75,75,0
823,"['Amusement and Recreation Attendants', 'Costume Attendants', 'Locker Room, Coatroom, and Dressing Room Attendants']","39-309",3,"74.66666667","10.06644591",64,70,76,80,84,"0.134818472"
531,"['Forest Fire Fighting and Prevention Supervisors', 'Municipal Fire Fighting and Prevention Supervisors']","33-102",2,"74.5","2.121320344",73,"73.75","74.5","75.25",76,"0.028474099"
311,"['First-Line Supervisors of Construction Trades and Extraction Workers', 'Solar Energy Installation Managers']","47-101",2,"74.5","4.949747468",71,"72.75","74.5","76.25",78,"0.066439563"
532,"['First-Line Supervisors of Correctional Officers', 'First-Line Supervisors of Police and Detectives']","33-101",2,74,"4.242640687",71,"72.5",74,"75.5",77,"0.057332982"
633,"['Counter Attendants, Cafeteria, Food Concession, and Coffee Shop', 'Combined Food Preparation and Serving Workers, Including Fast Food', 'Baristas']","35-302",3,74,1,73,"73.5",74,"74.5",75,"0.013513514"
,"['Fence Erectors']","47-403",1,74,0,74,74,74,74,74,0
512,"['Airfield Operations Specialists', 'Air Traffic Controllers']","53-202",2,74,"11.3137085",66,70,74,78,82,"0.152887953"
831,"['Career/Technical Education Teachers, Secondary School', 'Secondary School Teachers, Except Special and Career/Technical Education']","25-203",2,"73.5","4.949747468",70,"71.75","73.5","75.25",77,"0.067343503"
343,"['Pipe Fitters and Steamfitters', 'Pipelayers', 'Plumbers']","47-215",3,"73.33333333","13.50308607",60,"66.5",73,80,87,"0.184132992"
532,"['Crossing Guards', 'Retail Loss Prevention Specialists', 'Transportation Security Screeners', 'Lifeguards, Ski Patrol, and Other Recreational Protective Service Workers']","33-909",4,"73.25","12.68529332",56,"68.75","75.5",80,86,"0.173178066"
524,"['Mates- Ship, Boat, and Barge', 'Pilots, Ship', 'Ship and Boat Captains', 'Motorboat Operators']","53-502",4,"73.25","4.34932945",69,"70.5","72.5","75.25",79,"0.059376511"
943,"['Gaming Surveillance Officers and Gaming Investigators', 'Security Guards']","33-903",2,73,"7.071067812",68,"70.5",73,"75.5",78,"0.096863943"
715,"['Interviewers, Except Eligibility and Loan']","43-411",1,73,0,73,73,73,73,73,0
733,"['Library Assistants, Clerical']","43-412",1,73,0,73,73,73,73,73,0
513,"['Mail Clerks and Mail Machine Operators, Except Postal Service']","43-905",1,73,0,73,73,73,73,73,0
333,"['Construction Laborers']","47-206",1,73,0,73,73,73,73,73,0
341,"['Parking Lot Attendants']","53-602",1,73,0,73,73,73,73,73,0
621,"['Gaming Change Persons and Booth Cashiers', 'Cashiers']","41-201",2,"72.5","3.535533906",70,"71.25","72.5","73.75",75,"0.048765985"
634,"['Meeting, Convention, and Event Planners']","13-112",1,72,0,72,72,72,72,72,0
818,"['Pharmacists']","29-105",1,72,0,72,72,72,72,72,0
633,"['Food Servers, Nonrestaurant']","35-304",1,72,0,72,72,72,72,72,0
824,"['Morticians, Undertakers, and Funeral Directors']","39-403",1,72,0,72,72,72,72,72,0
252,"['Ship Engineers']","53-503",1,72,0,72,72,72,72,72,0
,"['Baggage Porters and Bellhops', 'Concierges']","39-601",2,"71.5","9.192388155",65,"68.25","71.5","74.75",78,"0.128564869"
262,"['Nuclear Equipment Operation Technicians', 'Nuclear Monitoring Technicians']","19-405",2,71,"1.414213562",70,"70.5",71,"71.5",72,"0.019918501"
,"['Reinforcing Iron and Rebar Workers']","47-217",1,71,0,71,71,71,71,71,0
114,"['Fishers and Related Fishing Workers']","45-301",1,70,0,70,70,70,70,70,0
822,"['Social and Human Service Assistants', 'Community Health Workers', 'Health Educators', 'Probation Officers and Correctional Treatment Specialists']","21-109",4,69,"10.29563014",57,"62.25",70,"76.75",79,"0.149212031"
922,"['Dietitians and Nutritionists']","29-103",1,69,0,69,69,69,69,69,0
292,"['Food Preparation Workers']","35-202",1,69,0,69,69,69,69,69,0
621,"['Retail Salespersons']","41-203",1,69,0,69,69,69,69,69,0
513,"['Marking Clerks', 'Order Fillers, Wholesale and Retail Sales', 'Stock Clerks- Stockroom, Warehouse, or Storage Yard', 'Stock Clerks, Sales Floor']","43-508",4,69,"11.34313302",58,"61.75",67,"74.25",84,"0.164393232"
244,"['Boilermakers']","47-201",1,69,0,69,69,69,69,69,0
213,"['Glaziers']","47-212",1,69,0,69,69,69,69,69,0
262,"['First-Line Supervisors of Mechanics, Installers, and Repairers']","49-101",1,69,0,69,69,69,69,69,0
262,"['Control and Valve Installers and Repairers, Except Mechanical Door', 'Mechanical Door Repairers']","49-901",2,69,"5.656854249",65,67,69,71,73,"0.081983395"
262,"['Maintenance and Repair Workers, General']","49-907",1,69,0,69,69,69,69,69,0
251,"['Engine and Other Machine Assemblers']","51-203",1,69,0,69,69,69,69,69,0
524,"['Sailors and Marine Oilers']","53-501",1,69,0,69,69,69,69,69,0
532,"['Police Detectives', 'Criminal Investigators and Special Agents', 'Intelligence Analysts', 'Police Identification and Records Officers', 'Immigration and Customs Inspectors']","33-302",5,"68.8","11.98749348",49,68,71,76,80,"0.174236824"
263,"['Telecommunications Line Installers and Repairers', 'Electrical Power-Line Installers and Repairers']","49-905",2,"68.5","6.363961031",64,"66.25","68.5","70.75",73,"0.092904541"
241,"['Foundry Mold and Coremakers', 'Molding, Coremaking, and Casting Machine Setters, Operators, and Tenders, Metal and Plastic']","51-407",2,"68.5","0.707106781",68,"68.25","68.5","68.75",69,"0.010322727"
845,"['Umpires, Referees, and Other Sports Officials', 'Coaches and Scouts', 'Athletes and Sports Competitors']","27-202",3,68,"7.937253933",59,65,71,"72.5",74,"0.116724323"
232,"['Photographers']","27-402",1,68,0,68,68,68,68,68,0
732,"['Telephone Operators']","43-202",1,68,0,68,68,68,68,68,0
611,"['Brokerage Clerks']","43-401",1,68,0,68,68,68,68,68,0
111,"['Agricultural Inspectors']","45-201",1,68,0,68,68,68,68,68,0
262,"['Solar Photovoltaic Installers']","47-223",1,68,0,68,68,68,68,68,0
322,"['Highway Maintenance Workers']","47-405",1,68,0,68,68,68,68,68,0
513,"['Aircraft Cargo Handling Supervisors']","53-101",1,68,0,68,68,68,68,68,0
621,"['Counter and Rental Clerks', 'Parts Salespersons']","41-202",2,"67.5","0.707106781",67,"67.25","67.5","67.75",68,"0.010475656"
272,"['Patternmakers, Metal and Plastic', 'Model Makers, Metal and Plastic']","51-406",2,"67.5","4.949747468",64,"65.75","67.5","69.25",71,"0.073329592"
513,"['Postal Service Mail Carriers', 'Postal Service Clerks', 'Postal Service Mail Sorters, Processors, and Processing Machine Operators']","43-505",3,"67.33333333","13.0511813",57,60,63,"72.5",82,"0.193829425"
941,"['Singers', 'Music Directors', 'Musicians, Instrumental', 'Music Composers and Arrangers']","27-204",4,"67.25","27.17075634",32,"53.75","71.5",85,94,"0.404026117"
825,"['Audiologists']","29-118",1,67,0,67,67,67,67,67,0
621,"['Door-To-Door Sales Workers, News and Street Vendors, and Related Workers']","41-909",1,67,0,67,67,67,67,67,0
822,"['Patient Representatives', 'Customer Service Representatives']","43-405",2,67,"12.72792206",58,"62.5",67,"71.5",76,"0.189968986"
117,"['Forest and Conservation Workers']","45-401",1,67,0,67,67,67,67,67,0
242,"['Sheet Metal Workers']","47-221",1,67,0,67,67,67,67,67,0
,"['Hazardous Materials Removal Workers']","47-404",1,67,0,67,67,67,67,67,0
263,"['Telecommunications Equipment Installers and Repairers, Except Line Installers', 'Radio, Cellular, and Tower Equipment Installers and Repairers', 'Radio Mechanics']","49-202",3,67,"7.810249676",62,"62.5",63,"69.5",76,"0.116570891"
251,"['Home Appliance Repairers']","49-903",1,67,0,67,67,67,67,67,0
522,"['Subway and Streetcar Operators']","53-404",1,67,0,67,67,67,67,67,0
342,"['Helpers--Pipelayers, Plumbers, Pipefitters, and Steamfitters', 'Helpers--Electricians', 'Helpers--Carpenters', 'Helpers--Painters, Paperhangers, Plasterers, and Stucco Masons', 'Helpers--Roofers', 'Helpers--Brickmasons, Blockmasons, Stonemasons, and Tile and Marble Setters']","47-301",6,"66.66666667","5.680375574",61,63,"66.5",67,77,"0.085205634"
714,"['Interpreters and Translators']","27-309",1,66,0,66,66,66,66,66,0
115,"['Nonfarm Animal Caretakers']","39-202",1,66,0,66,66,66,66,66,0
211,"['Explosives Workers, Ordnance Handling Experts, and Blasters']","47-503",1,66,0,66,66,66,66,66,0
262,"['Helpers--Installation, Maintenance, and Repair Workers', 'Geothermal Technicians', 'Fabric Menders, Except Garment', 'Commercial Divers', 'Riggers', 'Coin, Vending, and Amusement Machine Servicers and Repairers', 'Manufactured Building and Mobile Home Installers', 'Locksmiths and Safe Repairers', 'Signal and Track Switch Repairers']","49-909",9,66,"9.38083152",50,58,68,73,77,"0.142133811"
241,"['Extruding, Forming, Pressing, and Compacting Machine Setters, Operators, and Tenders']","51-904",1,66,0,66,66,66,66,66,0
251,"['First-Line Supervisors of Transportation and Material-Moving Machine and Vehicle Operators']","53-103",1,66,0,66,66,66,66,66,0
272,"['Models', 'Demonstrators and Product Promoters']","41-901",2,"65.5","2.121320344",64,"64.75","65.5","66.25",67,"0.03238657"
273,"['First-Line Supervisors of Production and Operating Workers']","51-101",1,65,0,65,65,65,65,65,0
,"['Inspectors, Testers, Sorters, Samplers, and Weighers']","51-906",1,65,0,65,65,65,65,65,0
,"['Timing Device Assemblers and Adjusters', 'Team Assemblers', 'Fiberglass Laminators and Fabricators']","51-209",3,"64.66666667","19.03505538",45,"55.5",66,"74.5",83,"0.294356527"
824,"['Embalmers']","39-401",1,64,0,64,64,64,64,64,0
632,"['Hotel, Motel, and Resort Desk Clerks']","43-408",1,64,0,64,64,64,64,64,0
341,"['Office Clerks, General']","43-906",1,64,0,64,64,64,64,64,0
311,"['Construction and Building Inspectors']","47-401",1,64,0,64,64,64,64,64,0
251,"['Elevator Installers and Repairers']","47-402",1,64,0,64,64,64,64,64,0
331,"['Carpet Installers', 'Floor Sanders and Finishers', 'Tile and Marble Setters', 'Floor Layers, Except Carpet, Wood, and Hard Tiles']","47-204",4,"63.75","4.645786622",59,"61.25",63,"65.5",70,"0.072875084"
262,"['Weatherization Installers and Technicians', 'Segmental Pavers', 'Solar Thermal Installers and Technicians']","47-409",3,"63.66666667","4.041451884",60,"61.5",63,"65.5",68,"0.063478302"
262,"['Power Distributors and Dispatchers', 'Nuclear Power Reactor Operators', 'Power Plant Operators']","51-801",3,"63.33333333","11.2398102",51,"58.5",66,"69.5",73,"0.177470687"
944,"['Talent Directors', 'Directors- Stage, Motion Pictures, Television, and Radio', 'Technical Directors/Managers', 'Actors', 'Producers', 'Program Directors']","27-201",6,63,"20.29778313",40,"47.5","65.5","69.25",95,"0.322187034"
633,"['Dishwashers']","35-902",1,63,0,63,63,63,63,63,0
,"['Switchboard Operators, Including Answering Service']","43-201",1,63,0,63,63,63,63,63,0
621,"['Computer, Automated Teller, and Office Machine Repairers']","49-201",1,63,0,63,63,63,63,63,0
,"['Railroad Conductors and Yardmasters']","53-403",1,63,0,63,63,63,63,63,0
531,"['Fire Inspectors', 'Fire Investigators', 'Forest Fire Inspectors and Prevention Specialists']","33-202",3,"62.66666667","10.26320288",54,57,60,67,74,"0.163774514"
923,"['Public Address System and Other Announcers', 'Radio and Television Announcers']","27-301",2,"62.5","12.02081528",54,"58.25","62.5","66.75",71,"0.192333044"
631,"['Tour Guides and Escorts', 'Travel Guides']","39-701",2,"62.5","13.43502884",53,"57.75","62.5","67.25",72,"0.214960461"
613,"['Real Estate Brokers', 'Real Estate Sales Agents']","41-902",2,"62.5","12.02081528",54,"58.25","62.5","66.75",71,"0.192333044"
513,"['Cargo and Freight Agents', 'Freight Forwarders']","43-501",2,"62.5","3.535533906",60,"61.25","62.5","63.75",65,"0.056568542"
812,"['Medical and Clinical Laboratory Technologists', 'Cytotechnologists', 'Medical and Clinical Laboratory Technicians', 'Histotechnologists and Histologic Technicians', 'Cytogenetic Technologists']","29-201",5,"62.4","8.35463943",49,63,63,65,72,"0.133888452"
812,"['Ophthalmic Laboratory Technicians', 'Medical Appliance Technicians', 'Dental Laboratory Technicians']","51-908",3,"62.33333333","9.018499506",53,58,63,67,71,"0.14468181"
733,"['Library Technicians']","25-403",1,62,0,62,62,62,62,62,0
115,"['Animal Trainers']","39-201",1,62,0,62,62,62,62,62,0
,"['Residential Advisors']","39-904",1,62,0,62,62,62,62,62,0
721,"['Credit Authorizers', 'Credit Checkers']","43-404",2,62,"9.899494937",55,"58.5",62,"65.5",69,"0.159669273"
252,"['Bus and Truck Mechanics and Diesel Engine Specialists']","49-303",1,62,0,62,62,62,62,62,0
281,"['Sewing Machine Operators']","51-603",1,62,0,62,62,62,62,62,0
252,"['Driver/Sales Workers', 'Heavy and Tractor-Trailer Truck Drivers', 'Light Truck or Delivery Services Drivers']","53-303",3,62,"18.02775638",42,"54.5",67,72,77,"0.290770264"
521,"['Tank Car, Truck, and Ship Loaders']","53-712",1,62,0,62,62,62,62,62,0
322,"['Operating Engineers and Other Construction Equipment Operators', 'Paving, Surfacing, and Tamping Equipment Operators', 'Pile-Driver Operators']","47-207",3,"61.66666667","9.865765725",55,56,57,65,73,"0.15998539"
413,"['Biofuels Processing Technicians', 'Chemical Plant and System Operators', 'Hydroelectric Plant Technicians', 'Biomass Plant Technicians', 'Gas Plant Operators', 'Petroleum Pump System Operators, Refinery Operators, and Gaugers']","51-809",6,"61.66666667","10.34730239",49,"54.75","60.5","67.75",77,"0.167794093"
511,"['Electrical and Electronics Installers and Repairers, Transportation Equipment', 'Avionics Technicians', 'Security and Fire Alarm Systems Installers', 'Electrical and Electronics Repairers, Commercial and Industrial Equipment', 'Electronic Equipment Installers and Repairers, Motor Vehicles', 'Electrical and Electronics Repairers, Powerhouse, Substation, and Relay', 'Electronic Home Entertainment Equipment Installers and Repairers', 'Electric Motor, Power Tool, and Related Repairers']","49-209",8,61625,"13.43702242",40,57,"61.5","64.5",88,"0.218044989"
831,"['Rehabilitation Counselors', 'Substance Abuse and Behavioral Disorder Counselors', 'Mental Health Counselors', 'Educational, Guidance, School, and Vocational Counselors', 'Marriage and Family Therapists']","21-101",5,"61.6","4.335896678",58,58,60,64,68,"0.070387933"
117,"['First-Line Supervisors of Landscaping, Lawn Service, and Groundskeeping Workers', 'First-Line Supervisors of Housekeeping and Janitorial Workers']","37-101",2,"61.5","14.8492424",51,"56.25","61.5","66.75",72,"0.241451096"
511,"['Aviation Inspectors', 'Freight and Cargo Inspectors', 'Transportation Vehicle, Equipment and Systems Inspectors, Except Aviation']","53-605",3,"61.33333333","8.736894948",54,"56.5",59,65,71,"0.142449374"
721,"['Insurance Sales Agents']","41-302",1,61,0,61,61,61,61,61,0
332,"['Plasterers and Stucco Masons']","47-216",1,61,0,61,61,61,61,61,0
,"['Tire Repairers and Changers', 'Bicycle Repairers', 'Recreational Vehicle Service Technicians']","49-309",3,61,"6.92820323",53,59,65,65,65,"0.113577102"
342,"['Heating and Air Conditioning Mechanics and Installers', 'Refrigeration Mechanics and Installers']","49-902",2,61,"7.071067812",56,"58.5",61,"63.5",66,"0.115919144"
342,"['Furnace, Kiln, Oven, Drier, and Kettle Operators and Tenders']","51-905",1,61,0,61,61,61,61,61,0
841,"['Vocational Education Teachers, Postsecondary', 'Graduate Teaching Assistants', 'Home Economics Teachers, Postsecondary', 'Recreation and Fitness Studies Teachers, Postsecondary']","25-119",4,"60.75","11.8988795",47,56,60,"64.75",76,"0.195866329"
831,"['Healthcare Social Workers', 'Child, Family, and School Social Workers', 'Mental Health and Substance Abuse Social Workers']","21-102",3,"60.66666667","13.61371857",50,53,56,66,76,"0.224401954"
633,"['Cooks, Institution and Cafeteria', 'Cooks, Fast Food', 'Cooks, Private Household', 'Cooks, Restaurant', 'Cooks, Short Order']","35-201",5,"60.6","23.02824353",21,65,66,70,81,"0.380004019"
945,"['Sound Engineering Technicians', 'Broadcast Technicians', 'Radio Operators', 'Audio and Video Equipment Technicians']","27-401",4,"60.5","7.416198487",51,"57.75",61,"63.75",69,"0.122581793"
513,"['Laborers and Freight, Stock, and Material Movers, Hand', 'Cleaners of Vehicles and Equipment', 'Packers and Packagers, Hand', 'Machine Feeders and Offbearers']","53-706",4,"60.5","11.44552314",47,53,"62.5",70,70,"0.189182201"
824,"['Funeral Service Managers']","11-906",1,60,0,60,60,60,60,60,0
842,"['Nursing Instructors and Teachers, Postsecondary', 'Health Specialties Teachers, Postsecondary']","25-107",2,60,"8.485281374",54,57,60,63,66,"0.141421356"
924,"['Reporters and Correspondents', 'Broadcast News Analysts']","27-302",2,60,"7.071067812",55,"57.5",60,"62.5",65,"0.11785113"
825,"['Occupational Health and Safety Technicians', 'Occupational Health and Safety Specialists']","29-901",2,60,"7.071067812",55,"57.5",60,"62.5",65,"0.11785113"
511,"['Aircraft Structure, Surfaces, Rigging, and Systems Assemblers']","51-201",1,60,0,60,60,60,60,60,0
242,"['Structural Metal Fabricators and Fitters']","51-204",1,60,0,60,60,60,60,60,0
244,"['Stationary Engineers and Boiler Operators']","51-802",1,60,0,60,60,60,60,60,0
243,"['Coating, Painting, and Spraying Machine Setters, Operators, and Tenders', 'Painting, Coating, and Decorating Workers', 'Painters, Transportation Equipment']","51-912",3,60,"13.11487705",48,53,58,66,74,"0.218581284"
263,"['Semiconductor Processors']","51-914",1,60,0,60,60,60,60,60,0
514,"['Automotive and Watercraft Service Attendants']","53-603",1,60,0,60,60,60,60,60,0
732,"['Coroners', 'Government Property Inspectors and Investigators', 'Regulatory Affairs Specialists', 'Equal Opportunity Representatives and Officers', 'Licensing Examiners and Inspectors', 'Environmental Compliance Inspectors']","13-104",6,"59.66666667","14.74675105",41,"52.75",56,"66.75",83,"0.247152252"
433,"['Computer Network Support Specialists', 'Computer User Support Specialists']","15-115",2,"59.5","6.363961031",55,"57.25","59.5","61.75",64,"0.106957328"
715,"['Training and Development Specialists']","13-115",1,59,0,59,59,59,59,59,0
232,"['Audio-Visual and Multimedia Collections Specialists']","25-901",1,59,0,59,59,59,59,59,0
722,"['Billing, Cost, and Rate Clerks', 'Statement Clerks']","43-302",2,59,"18.38477631",46,"52.5",59,"65.5",72,"0.311606378"
722,"['New Accounts Clerks']","43-414",1,59,0,59,59,59,59,59,0
532,"['Dispatchers, Except Police, Fire, and Ambulance', 'Police, Fire, and Ambulance Dispatchers']","43-503",2,59,"1.414213562",58,"58.5",59,"59.5",60,"0.023969721"
525,"['Packaging and Filling Machine Operators and Tenders']","51-911",1,59,0,59,59,59,59,59,0
732,"['Court Clerks', 'Municipal Clerks', 'License Clerks']","43-403",3,"58.66666667","13.31665624",44,53,62,66,70,"0.226988459"
262,"['Electromechanical Equipment Assemblers', 'Coil Winders, Tapers, and Finishers', 'Electrical and Electronic Equipment Assemblers']","51-202",3,"58.66666667","0.577350269",58,"58.5",59,59,59,"0.009841198"
945,"['Camera Operators, Television, Video, and Motion Picture', 'Film and Video Editors']","27-403",2,"58.5","13.43502884",49,"53.75","58.5","63.25",68,"0.229658613"
333,"['Insulation Workers, Mechanical', 'Insulation Workers, Floor, Ceiling, and Wall']","47-213",2,"58.5","0.707106781",58,"58.25","58.5","58.75",59,"0.012087295"
343,"['Recycling Coordinators', 'First-Line Supervisors of Helpers, Laborers, and Material Movers, Hand']","53-102",2,"58.5","9.192388155",52,"55.25","58.5","61.75",65,"0.15713484"
242,"['Forging Machine Setters, Operators, and Tenders, Metal and Plastic', 'Extruding and Drawing Machine Setters, Operators, and Tenders, Metal and Plastic', 'Rolling Machine Setters, Operators, and Tenders, Metal and Plastic']","51-402",3,"58.33333333","7.023769169",51,55,59,62,65,"0.120407471"
413,"['Chemical Technicians']","19-403",1,58,0,58,58,58,58,58,0
731,"['Arbitrators, Mediators, and Conciliators', 'Administrative Law Judges, Adjudicators, and Hearing Officers', 'Judges, Magistrate Judges, and Magistrates']","23-102",3,58,6,52,55,58,61,64,"0.103448276"
733,"['Weighers, Measurers, Checkers, and Samplers, Recordkeeping']","43-511",1,58,0,58,58,58,58,58,0
333,"['Drywall and Ceiling Tile Installers', 'Tapers']","47-208",2,58,"4.242640687",55,"56.5",58,"59.5",61,"0.073148977"
245,"['Multiple Machine Tool Setters, Operators, and Tenders, Metal and Plastic']","51-408",1,58,0,58,58,58,58,58,0
283,"['Shoe Machine Operators and Tenders', 'Shoe and Leather Workers and Repairers']","51-604",2,58,"4.242640687",55,"56.5",58,"59.5",61,"0.073148977"
233,"['Photographic Process Workers and Processing Machine Operators']","51-915",1,58,0,58,58,58,58,58,0
,"['Hoist and Winch Operators']","53-704",1,58,0,58,58,58,58,58,0
111,"['Precision Agriculture Technicians', 'Remote Sensing Technicians', 'Environmental Science and Protection Technicians, Including Health', 'Forest and Conservation Technicians', 'Forensic Science Technicians', 'Quality Control Analysts']","19-409",6,"57.5","9.628083922",48,"48.75","56.5","66.5",68,"0.167444938"
721,"['Financial Examiners']","13-206",1,57,0,57,57,57,57,57,0
252,"['Marine Engineers', 'Marine Architects']","17-212",2,57,"1.414213562",56,"56.5",57,"57.5",58,"0.024810764"
245,"['Tool and Die Makers']","51-411",1,57,0,57,57,57,57,57,0
292,"['Food Science Technicians', 'Agricultural Technicians']","19-401",2,"56.5","0.707106781",56,"56.25","56.5","56.75",57,"0.012515164"
513,"['Postmasters and Mail Superintendents']","11-913",1,56,0,56,56,56,56,56,0
732,"['Tax Examiners and Collectors, and Revenue Agents', 'Tax Preparers']","13-208",2,56,"1.414213562",55,"55.5",56,"56.5",57,"0.025253814"
732,"['Eligibility Interviewers, Government Programs']","43-406",1,56,0,56,56,56,56,56,0
732,"['Order Clerks']","43-415",1,56,0,56,56,56,56,56,0
714,"['Office Machine Operators, Except Computer']","43-907",1,56,0,56,56,56,56,56,0
211,"['Continuous Mining Machine Operators', 'Mine Cutting and Channeling Machine Operators']","47-504",2,56,"4.242640687",53,"54.5",56,"57.5",59,"0.075761441"
243,"['Layout Workers, Metal and Plastic', 'Plating and Coating Machine Setters, Operators, and Tenders, Metal and Plastic', 'Tool Grinders, Filers, and Sharpeners', 'Heat Treating Equipment Setters, Operators, and Tenders, Metal and Plastic']","51-419",4,56,"6.218252702",47,"54.5",58,"59.5",61,"0.111040227"
111,"['Farm and Ranch Managers', 'Aquacultural Managers', 'Nursery and Greenhouse Managers']","11-901",3,"55.66666667","6.429100507",51,52,53,58,63,"0.115492823"
842,"['Education Administrators, Postsecondary', 'Fitness and Wellness Coordinators', 'Distance Learning Coordinators', 'Education Administrators, Preschool and Childcare Center/Program', 'Education Administrators, Elementary and Secondary School']","11-903",5,"55.6","14.84250653",38,47,52,66,75,"0.266951556"
613,"['Court Reporters', 'Title Examiners, Abstractors, and Searchers']","23-209",2,"55.5","7.778174593",50,"52.75","55.5","58.25",61,"0.14014729"
252,"['Civil Engineering Technicians', 'Automotive Engineering Technicians', 'Manufacturing Engineering Technologists', 'Aerospace Engineering and Operations Technicians', 'Robotics Technicians', 'Electro-Mechanical Technicians', 'Electrical Engineering Technologists', 'Electrical Engineering Technicians', 'Mechanical Engineering Technicians', 'Electronics Engineering Technicians', 'Non-Destructive Testing Specialists', 'Industrial Engineering Technicians', 'Manufacturing Production Technicians', 'Electromechanical Engineering Technologists', 'Mechanical Engineering Technologists', 'Nanotechnology Engineering Technicians', 'Nanotechnology Engineering Technologists', 'Environmental Engineering Technicians', 'Electronics Engineering Technologists', 'Industrial Engineering Technologists', 'Photonics Technicians']","17-302",21,"55.33333333","5.756156125",47,51,54,60,66,"0.104026918"
511,"['Rail Car Repairers', 'Mobile Heavy Equipment Mechanics, Except Engines', 'Farm Equipment Mechanics and Service Technicians']","49-304",3,"55.33333333","8.736894948",48,"50.5",53,59,65,"0.157895692"
282,"['Upholsterers', 'Fabric and Apparel Patternmakers', 'Extruding and Forming Machine Setters, Operators, and Tenders, Synthetic and Glass Fibers']","51-609",3,"55.33333333","6.506407099",49,52,55,"58.5",62,"0.11758567"
816,"['School Psychologists', 'Neuropsychologists and Clinical Neuropsychologists', 'Industrial-Organizational Psychologists', 'Clinical Psychologists', 'Counseling Psychologists']","19-303",5,"55.2","12.19426095",40,47,56,62,71,"0.220910524"
711,"['General and Operations Managers']","11-102",1,55,0,55,55,55,55,55,0
833,"['Clergy']","21-201",1,55,0,55,55,55,55,55,0
921,"['Advertising Sales Agents']","41-301",1,55,0,55,55,55,55,55,0
631,"['Travel Agents']","41-304",1,55,0,55,55,55,55,55,0
292,"['Bakers']","51-301",1,55,0,55,55,55,55,55,0
223,"['Cabinetmakers and Bench Carpenters']","51-701",1,55,0,55,55,55,55,55,0
121,"['Tree Trimmers and Pruners', 'Pesticide Handlers, Sprayers, and Applicators, Vegetation', 'Landscaping and Groundskeeping Workers']","37-301",3,"54.66666667","23.797759",29,44,59,"67.5",76,"0.43532486"
293,"['Food Batchmakers', 'Food and Tobacco Roasting, Baking, and Drying Machine Operators and Tenders', 'Food Cooking Machine Operators and Tenders']","51-309",3,"54.66666667","19.03505538",35,"45.5",56,"64.5",73,"0.348202233"
843,"['Architecture Teachers, Postsecondary', 'Engineering Teachers, Postsecondary']","25-103",2,"54.5","30.40559159",33,"43.75","54.5","65.25",76,"0.557900763"
621,"['First-Line Supervisors of Retail Sales Workers', 'First-Line Supervisors of Non-Retail Sales Workers']","41-101",2,"54.5","16.26345597",43,"48.75","54.5","60.25",66,"0.298412036"
935,"['Gem and Diamond Workers', 'Jewelers', 'Precious Metal Workers']","51-907",3,"54.33333333","10.69267662",42,51,60,"60.5",61,"0.196797729"
213,"['Cleaning, Washing, and Metal Pickling Equipment Operators and Tenders', 'Paper Goods Machine Setters, Operators, and Tenders', 'Glass Blowers, Molders, Benders, and Finishers', 'Molding and Casting Workers', 'Cooling and Freezing Equipment Operators and Tenders', 'Etchers and Engravers', 'Recycling and Reclamation Workers', 'Potters, Manufacturing', 'Stone Cutters and Carvers, Manufacturing', 'Helpers--Production Workers', 'Tire Builders', 'Adhesive Bonding Machine Operators and Tenders']","51-919",12,"54.16666667","10.06192945",32,"48.25","55.5",61,70,"0.185758698"
311,"['Urban and Regional Planners']","19-305",1,54,0,54,54,54,54,54,0
115,"['Animal Control Workers']","33-901",1,54,0,54,54,54,54,54,0
332,"['Paperhangers', 'Painters, Construction and Maintenance']","47-214",2,54,"14.14213562",44,49,54,59,64,"0.2618914"
252,"['Aircraft Mechanics and Service Technicians']","49-301",1,54,0,54,54,54,54,54,0
242,"['Computer Numerically Controlled Machine Tool Programmers, Metal and Plastic', 'Computer-Controlled Machine Tool Operators, Metal and Plastic']","51-401",2,54,"4.242640687",51,"52.5",54,"55.5",57,"0.07856742"
223,"['Furniture Finishers']","51-702",1,54,0,54,54,54,54,54,0
223,"['Sawing Machine Setters, Operators, and Tenders, Wood', 'Woodworking Machine Setters, Operators, and Tenders, Except Sawing']","51-704",2,54,"4.242640687",51,"52.5",54,"55.5",57,"0.07856742"
282,"['Fashion Designers', 'Commercial and Industrial Designers', 'Floral Designers', 'Set and Exhibit Designers', 'Merchandise Displayers and Window Trimmers', 'Interior Designers', 'Graphic Designers']","27-102",7,"53.85714286","12.86375491",34,"48.5",53,60,73,"0.238849561"
312,"['Mapping Technicians', 'Surveying Technicians']","17-303",2,"53.5","4.949747468",50,"51.75","53.5","55.25",57,"0.092518644"
843,"['Mathematical Science Teachers, Postsecondary', 'Computer Science Teachers, Postsecondary']","25-102",2,"53.5","6.363961031",49,"51.25","53.5","55.75",58,"0.118952543"
272,"['Model Makers, Wood', 'Patternmakers, Wood']","51-703",2,"53.5","3.535533906",51,"52.25","53.5","54.75",56,"0.066084746"
432,"['Information Security Analysts', 'Computer Systems Analysts', 'Informatics Nurse Specialists']","15-112",3,"53.33333333","6.110100927",48,50,52,56,60,"0.114564392"
252,"['Motorcycle Mechanics', 'Outdoor Power Equipment and Other Small Engine Mechanics', 'Motorboat Mechanics and Service Technicians']","49-305",3,"53.33333333","10.5039675",43,48,53,"58.5",64,"0.196949391"
715,"['Human Resources Assistants, Except Payroll and Timekeeping']","43-416",1,53,0,53,53,53,53,53,0
714,"['Proofreaders and Copy Markers']","43-908",1,53,0,53,53,53,53,53,0
541,"['Laundry and Dry-Cleaning Workers']","51-601",1,53,0,53,53,53,53,53,0
715,"['Labor Relations Specialists', 'Farm Labor Contractors', 'Human Resources Specialists']","13-107",3,"52.66666667","12.58305739",41,46,51,"58.5",66,"0.238918811"
516,"['Logistics Engineers', 'Logisticians', 'Logistics Analysts']","13-108",3,"52.66666667","4.725815626",49,50,51,"54.5",58,"0.089730676"
422,"['Soil and Water Conservationists', 'Range Managers', 'Park Naturalists', 'Foresters']","19-103",4,"52.5","14.6401275",41,"42.5",48,58,73,"0.278859572"
721,"['Sales Agents, Securities and Commodities', 'Securities and Commodities Traders', 'Sales Agents, Financial Services']","41-303",3,"52.33333333","12.85820101",43,45,47,57,67,"0.245698109"
813,"['Emergency Management Directors']","11-916",1,52,0,52,52,52,52,52,0
733,"['Librarians']","25-402",1,52,0,52,52,52,52,52,0
612,"['Energy Brokers']","41-309",1,52,0,52,52,52,52,52,0
732,"['Receptionists and Information Clerks']","43-417",1,52,0,52,52,52,52,52,0
732,"['Production, Planning, and Expediting Clerks']","43-506",1,52,0,52,52,52,52,52,0
714,"['Data Entry Keyers', 'Word Processors and Typists']","43-902",2,52,"7.071067812",47,"49.5",52,"54.5",57,"0.135982073"
411,"['Bioinformatics Technicians', 'Statistical Assistants']","43-911",2,52,"9.899494937",45,"48.5",52,"55.5",59,"0.190374903"
525,"['Machinists']","51-404",1,52,0,52,52,52,52,52,0
281,"['Textile Bleaching and Dyeing Machine Operators and Tenders', 'Textile Knitting and Weaving Machine Setters, Operators, and Tenders', 'Textile Winding, Twisting, and Drawing Out Machine Setters, Operators, and Tenders', 'Textile Cutting Machine Setters, Operators, and Tenders']","51-606",4,52,"9.092121131",44,"45.5",50,"56.5",64,"0.174848483"
,"['Online Merchants', 'Energy Auditors', 'Sustainability Specialists', 'Business Continuity Planners', 'Customs Brokers', 'Security Management Specialists']","13-119",6,"51.5","4.370354677",47,49,50,"53.25",59,"0.084861256"
413,"['Chemists', 'Materials Scientists']","19-203",2,"51.5","7.778174593",46,"48.75","51.5","54.25",57,"0.151032516"
843,"['History Teachers, Postsecondary', 'Art, Drama, and Music Teachers, Postsecondary', 'English Language and Literature Teachers, Postsecondary', 'Communications Teachers, Postsecondary', 'Philosophy and Religion Teachers, Postsecondary', 'Foreign Language and Literature Teachers, Postsecondary']","25-112",6,"51.5","12.48599215",36,47,"50.5","51.75",74,"0.24244645"
841,"['Instructional Coordinators', 'Instructional Designers and Technologists']","25-903",2,"51.5","4.949747468",48,"49.75","51.5","53.25",55,"0.096111601"
613,"['Property, Real Estate, and Community Association Managers']","11-914",1,51,0,51,51,51,51,51,0
412,"['Biological Technicians']","19-402",1,51,0,51,51,51,51,51,0
531,"['Private Detectives and Investigators']","33-902",1,51,0,51,51,51,51,51,0
611,"['Procurement Clerks']","43-306",1,51,0,51,51,51,51,51,0
252,"['Automotive Master Mechanics', 'Automotive Specialty Technicians', 'Automotive Glass Installers and Repairers', 'Automotive Body and Related Repairers']","49-302",4,51,"3.915780041",46,49,"51.5","53.5",55,"0.076780001"
245,"['Watch Repairers', 'Medical Equipment Repairers', 'Camera and Photographic Equipment Repairers', 'Musical Instrument Repairers and Tuners']","49-906",4,51,"11.60459679",38,"45.5",50,"55.5",66,"0.227541114"
234,"['Prepress Technicians and Workers', 'Print Binding and Finishing Workers', 'Printing Press Operators']","51-511",3,51,"7.810249676",42,"48.5",55,"55.5",56,"0.153142151"
242,"['Lathe and Turning Machine Tool Setters, Operators, and Tenders, Metal and Plastic', 'Grinding, Lapping, Polishing, and Buffing Machine Tool Setters, Operators, and Tenders, Metal and Plastic', 'Cutting, Punching, and Press Machine Setters, Operators, and Tenders, Metal and Plastic', 'Milling and Planing Machine Setters, Operators, and Tenders, Metal and Plastic', 'Drilling and Boring Machine Tool Setters, Operators, and Tenders, Metal and Plastic']","51-403",5,"50.8","3.1144823",48,48,50,53,55,"0.061308707"
252,"['Fuel Cell Engineers', 'Mechanical Engineers', 'Automotive Engineers']","17-214",3,"50.66666667","8.082903769",42,47,52,55,58,"0.159530995"
311,"['Construction Managers']","11-902",1,50,0,50,50,50,50,50,0
311,"['Landscape Architects', 'Architects, Except Landscape and Naval']","17-101",2,50,"4.242640687",47,"48.5",50,"51.5",53,"0.084852814"
252,"['Aerospace Engineers']","17-201",1,50,0,50,50,50,50,50,0
262,"['Energy Engineers', 'Nanosystems Engineers', 'Robotics Engineers', 'Manufacturing Engineers', 'Mechatronics Engineers', 'Validation Engineers', 'Wind Energy Engineers', 'Microsystems Engineers', 'Photonics Engineers', 'Solar Energy Systems Engineers', 'Biochemical Engineers']","17-219",11,50,"7.307530363",38,"45.5",50,"55.5",61,"0.146150607"
,"['Medical Records and Health Information Technicians']","29-207",1,50,0,50,50,50,50,50,0
241,"['Pourers and Casters, Metal', 'Metal-Refining Furnace Operators and Tenders']","51-405",2,50,"9.899494937",43,"46.5",50,"53.5",57,"0.197989899"
282,"['Tailors, Dressmakers, and Custom Sewers', 'Sewers, Hand']","51-605",2,50,"18.38477631",37,"43.5",50,"56.5",63,"0.367695526"
343,"['Water and Wastewater Treatment Plant and System Operators']","51-803",1,50,0,50,50,50,50,50,0
,"['Human Factors Engineers and Ergonomists', 'Industrial Safety and Health Engineers', 'Product Safety Engineers', 'Industrial Engineers', 'Fire-Prevention and Protection Engineers']","17-211",5,"49.8","4.147288271",45,47,49,53,55,"0.083278881"
413,"['Separating, Filtering, Clarifying, Precipitating, and Still Machine Setters, Operators, and Tenders', 'Chemical Equipment Operators and Tenders']","51-901",2,"49.5","2.121320344",48,"48.75","49.5","50.25",51,"0.042854956"
262,"['Brownfield Redevelopment Specialists and Site Managers', 'Regulatory Affairs Managers', 'Security Managers', 'Wind Energy Project Managers', 'Investment Fund Managers', 'Loss Prevention Managers', 'Supply Chain Managers', 'Compliance Managers', 'Wind Energy Operations Managers']","11-919",9,"49.33333333","6.144102864",41,44,51,54,58,"0.124542626"
433,"['Network and Computer Systems Administrators', 'Computer Network Architects', 'Database Administrators', 'Telecommunications Engineering Specialists']","15-114",4,"49.25","6.898067362",39,"48.75",52,"52.5",54,"0.140062281"
632,"['Lodging Managers']","11-908",1,49,0,49,49,49,49,49,0
721,"['Credit Analysts']","13-204",1,49,0,49,49,49,49,49,0
431,"['Biomedical Engineers']","17-203",1,49,0,49,49,49,49,49,0
421,"['Transportation Planners', 'Geographers', 'Political Scientists', 'Anthropologists', 'Archeologists', 'Historians']","19-309",6,49,"11.47170432",31,"43.25",51,"55.75",63,"0.234116415"
721,"['Insurance Policy Processing Clerks', 'Insurance Claims Clerks']","43-904",2,49,"4.242640687",46,"47.5",49,"50.5",52,"0.086584504"
211,"['Mine Shuttle Car Operators']","53-711",1,49,0,49,49,49,49,49,0
611,"['Buyers and Purchasing Agents, Farm Products', 'Wholesale and Retail Buyers, Except Farm Products', 'Purchasing Agents, Except Wholesale, Retail, and Farm Products']","13-102",3,"48.66666667","10.69267662",37,44,51,"54.5",58,"0.219712533"
511,"['Locomotive Engineers', 'Rail Yard Engineers, Dinkey Operators, and Hostlers', 'Locomotive Firers']","53-401",3,"48.66666667","3.214550254",45,"47.5",50,"50.5",51,"0.066052402"
714,"['Secretaries and Administrative Assistants, Except Legal, Medical, and Executive', 'Executive Secretaries and Executive Administrative Assistants', 'Legal Secretaries', 'Medical Secretaries']","43-601",4,"48.5","15.08862706",39,"40.5",42,50,71,"0.311105713"
272,"['Civil Drafters', 'Mechanical Drafters', 'Electrical Drafters', 'Architectural Drafters', 'Electronic Drafters']","17-301",5,"48.4","1.341640786",47,47,49,49,50,"0.027719851"
621,"['Sales Representatives, Wholesale and Manufacturing, Except Technical and Scientific Products', 'Sales Representatives, Wholesale and Manufacturing, Technical and Scientific Products', 'Solar Sales Representatives and Assessors']","41-401",3,"48.33333333","3.214550254",46,"46.5",47,"49.5",52,"0.066507936"
273,"['Industrial Production Managers', 'Geothermal Production Managers', 'Quality Control Systems Managers', 'Biofuels Production Managers', 'Biomass Power Plant Managers', 'Hydroelectric Production Managers']","11-305",6,48,"6.228964601",38,45,49,"52.25",55,"0.129770096"
263,"['Radio Frequency Identification Device Specialists', 'Electrical Engineers', 'Electronics Engineers, Except Computer']","17-207",3,48,3,45,"46.5",48,"49.5",51,"0.0625"
211,"['Mining and Geological Engineers, Including Mining Safety Engineers']","17-215",1,48,0,48,48,48,48,48,0
833,"['Directors, Religious Activities and Education']","21-202",1,48,0,48,48,48,48,48,0
843,"['Business Teachers, Postsecondary']","25-101",1,48,0,48,48,48,48,48,0
512,"['Traffic Technicians']","53-604",1,48,0,48,48,48,48,48,0
525,"['Crane and Tower Operators']","53-702",1,48,0,48,48,48,48,48,0
733,"['Archivists', 'Curators', 'Museum Technicians and Conservators']","25-401",3,"47.66666667","6.350852961",44,44,44,"49.5",55,"0.133234678"
921,"['Sales Managers', 'Marketing Managers']","11-202",2,"47.5","0.707106781",47,"47.25","47.5","47.75",48,"0.014886459"
513,"['Logistics Managers', 'Transportation Managers', 'Storage and Distribution Managers']","11-307",3,"47.33333333","5.033222957",42,45,48,50,52,"0.106335696"
312,"['Surveyors', 'Cartographers and Photogrammetrists', 'Geodetic Surveyors']","17-102",3,"47.33333333","7.023769169",40,44,48,51,54,"0.148389489"
722,"['Fraud Examiners, Investigators and Analysts', 'Financial Quantitative Analysts', 'Risk Management Specialists']","13-209",3,47,"4.582575695",43,"44.5",46,49,52,"0.097501611"
533,"['Pest Control Workers']","37-202",1,47,0,47,47,47,47,47,0
714,"['First-Line Supervisors of Office and Administrative Support Workers']","43-101",1,47,0,47,47,47,47,47,0
732,"['File Clerks']","43-407",1,47,0,47,47,47,47,47,0
843,"['Atmospheric, Earth, Marine, and Space Sciences Teachers, Postsecondary', 'Chemistry Teachers, Postsecondary', 'Environmental Science Teachers, Postsecondary', 'Physics Teachers, Postsecondary']","25-105",4,"46.75","8.421203398",37,"42.25","46.5",51,57,"0.180132693"
721,"['Insurance Adjusters, Examiners, and Investigators', 'Claims Examiners, Property and Casualty Insurance', 'Insurance Appraisers, Auto Damage']","13-103",3,"46.66666667","8.144527815",41,42,43,"49.5",56,"0.174525596"
244,"['Welding, Soldering, and Brazing Machine Setters, Operators, and Tenders', 'Solderers and Brazers', 'Welders, Cutters, and Welder Fitters']","51-412",3,"46.66666667","5.033222957",42,44,46,49,52,"0.107854778"
311,"['Civil Engineers', 'Transportation Engineers']","17-205",2,"46.5","2.121320344",45,"45.75","46.5","47.25",48,"0.045619792"
311,"['City and Regional Planning Aides', 'Social Science Research Assistants']","19-406",2,"46.5","0.707106781",46,"46.25","46.5","46.75",47,"0.015206597"
412,"['Soil and Plant Scientists', 'Animal Scientists', 'Food Scientists and Technologists']","19-101",3,"46.33333333","5.507570547",41,"43.5",46,49,52,"0.118868429"
412,"['Geneticists', 'Biologists', 'Bioinformatics Scientists', 'Zoologists and Wildlife Biologists', 'Microbiologists', 'Molecular and Cellular Biologists', 'Biochemists and Biophysicists']","19-102",7,"46.28571429","9.286446858",34,40,45,52,61,"0.200633111"
921,"['Advertising and Promotions Managers']","11-201",1,46,0,46,46,46,46,46,0
715,"['Training and Development Managers']","11-313",1,46,0,46,46,46,46,46,0
722,"['Auditors', 'Accountants']","13-201",2,46,"9.899494937",39,"42.5",46,"49.5",53,"0.215206412"
613,"['Appraisers, Real Estate', 'Assessors']","13-202",2,46,"16.97056275",34,40,46,52,58,"0.368925277"
262,"['Nuclear Engineers']","17-216",1,46,0,46,46,46,46,46,0
414,"['Atmospheric and Space Scientists']","19-202",1,46,0,46,46,46,46,46,0
922,"['Public Relations Specialists']","27-303",1,46,0,46,46,46,46,46,0
612,"['Shipping, Receiving, and Traffic Clerks']","43-507",1,46,0,46,46,46,46,46,0
432,"['Data Warehousing Specialists', 'Computer Systems Engineers/Architects', 'Database Architects', 'Information Technology Project Managers', 'Business Intelligence Analysts', 'Geographic Information Systems Technicians', 'Video Game Designers', 'Document Management Specialists', 'Search Marketing Strategists', 'Web Administrators', 'Geospatial Information Scientists and Technologists', 'Software Quality Assurance Engineers and Testers']","15-119",12,"45.75","3.596083728",39,44,46,"47.5",51,"0.078602923"
413,"['Wellhead Pumpers', 'Pump Operators, Except Wellhead Pumpers', 'Gas Compressor and Gas Pumping Station Operators']","53-707",3,"45.66666667","24.13158373",19,"35.5",52,59,66,"0.528428841"
711,"['Chief Sustainability Officers', 'Chief Executives']","11-101",2,"45.5","3.535533906",43,"44.25","45.5","46.75",48,"0.077704042"
111,"['First-Line Supervisors of Animal Husbandry and Animal Care Workers', 'First-Line Supervisors of Agricultural Crop and Horticultural Workers', 'First-Line Supervisors of Aquacultural Workers', 'First-Line Supervisors of Logging Workers']","45-101",4,"45.5","14.47987109",32,"38.75",42,"48.75",66,"0.318238925"
,"['Cutters and Trimmers, Hand', 'Cutting and Slicing Machine Setters, Operators, and Tenders']","51-903",2,"45.5","16.26345597",34,"39.75","45.5","51.25",57,"0.357438593"
721,"['Personal Financial Advisors', 'Insurance Underwriters', 'Financial Analysts']","13-205",3,"45.33333333","7.637626158",37,42,47,"49.5",52,"0.168477048"
251,"['Crushing, Grinding, and Polishing Machine Setters, Operators, and Tenders', 'Grinding and Polishing Workers, Hand', 'Mixing and Blending Machine Setters, Operators, and Tenders']","51-902",3,"45.33333333","13.79613472",35,"37.5",40,"50.5",61,"0.304326501"
843,"['Geography Teachers, Postsecondary', 'Anthropology and Archeology Teachers, Postsecondary', 'Sociology Teachers, Postsecondary', 'Psychology Teachers, Postsecondary', 'Economics Teachers, Postsecondary', 'Political Science Teachers, Postsecondary', 'Area, Ethnic, and Cultural Studies Teachers, Postsecondary']","25-106",7,"45.28571429","4.231401884",40,43,44,47,53,"0.093437896"
732,"['Administrative Services Managers']","11-301",1,45,0,45,45,45,45,45,0
813,"['Medical and Health Services Managers']","11-911",1,45,0,45,45,45,45,45,0
111,"['Agricultural Engineers']","17-202",1,45,0,45,45,45,45,45,0
413,"['Chemical Engineers']","17-204",1,45,0,45,45,45,45,45,0
414,"['Materials Engineers']","17-213",1,45,0,45,45,45,45,45,0
541,"['Maids and Housekeeping Cleaners', 'Janitors and Cleaners, Except Maids and Housekeeping Cleaners']","37-201",2,45,"4.242640687",42,"43.5",45,"46.5",48,"0.094280904"
722,"['Bill and Account Collectors']","43-301",1,45,0,45,45,45,45,45,0
722,"['Loan Interviewers and Clerks']","43-413",1,45,0,45,45,45,45,45,0
513,"['Couriers and Messengers']","43-502",1,45,0,45,45,45,45,45,0
232,"['Desktop Publishers']","43-903",1,45,0,45,45,45,45,45,0
413,"['Architectural and Engineering Managers', 'Biofuels/Biodiesel Technology and Product Development Managers']","11-904",2,"44.5","2.121320344",43,"43.75","44.5","45.25",46,"0.04767012"
434,"['Computer Programmers', 'Software Developers, Systems Software', 'Web Developers', 'Software Developers, Applications']","15-113",4,"44.5","4.509249753",39,"42.75","44.5","46.25",50,"0.101331455"
722,"['Treasurers and Controllers', 'Financial Managers, Branch or Department']","11-303",2,44,"12.72792206",35,"39.5",44,"48.5",53,"0.289270956"
722,"['Cost Estimators']","13-105",1,44,0,44,44,44,44,44,0
431,"['Computer Hardware Engineers']","17-206",1,44,0,44,44,44,44,44,0
421,"['Geophysical Data Technicians', 'Geological Sample Test Technicians']","19-404",2,44,0,44,44,44,44,44,0
843,"['Social Work Teachers, Postsecondary', 'Law Teachers, Postsecondary', 'Criminal Justice and Law Enforcement Teachers, Postsecondary']","25-111",3,44,"11.78982612",34,"37.5",41,49,57,"0.267950594"
722,"['Bookkeeping, Accounting, and Auditing Clerks']","43-303",1,44,0,44,44,44,44,44,0
343,"['Water/Wastewater Engineers', 'Environmental Engineers']","17-208",2,"43.5","4.949747468",40,"41.75","43.5","45.25",47,"0.113787298"
722,"['Loan Officers', 'Credit Counselors', 'Loan Counselors']","13-207",3,"43.33333333","4.163331999",40,41,42,45,48,"0.096076892"
343,"['Water Resource Specialists', 'Clinical Research Coordinators', 'Natural Sciences Managers']","11-912",3,43,3,40,"41.5",43,"44.5",46,"0.069767442"
941,"['Agents and Business Managers of Artists, Performers, and Athletes']","13-101",1,43,0,43,43,43,43,43,0
722,"['Budget Analysts']","13-203",1,43,0,43,43,43,43,43,0
111,"['Farm and Home Management Advisors']","25-902",1,43,0,43,43,43,43,43,0
714,"['Correspondence Clerks']","43-402",1,43,0,43,43,43,43,43,0
212,"['Rock Splitters, Quarry']","47-505",1,43,0,43,43,43,43,43,0
733,"['Library Science Teachers, Postsecondary', 'Education Teachers, Postsecondary']","25-108",2,"42.5","2.121320344",41,"41.75","42.5","43.25",44,"0.04991342"
831,"['Social and Community Service Managers']","11-915",1,42,0,42,42,42,42,42,0
434,"['Computer Operators']","43-901",1,42,0,42,42,42,42,42,0
212,"['Earth Drillers, Except Oil and Gas']","47-502",1,42,0,42,42,42,42,42,0
211,"['Dredge Operators', 'Excavating and Loading Machine and Dragline Operators', 'Loading Machine Operators, Underground Mining']","53-703",3,42,"16.09347694",27,"33.5",40,"49.5",59,"0.383178022"
111,"['Agricultural Equipment Operators', 'Farmworkers, Farm, Ranch, and Aquacultural Animals', 'Nursery Workers', 'Farmworkers and Laborers, Crop']","45-209",4,"41.5","16.58312395",24,"35.25",39,"45.25",64,"0.399593348"
311,"['Hydrologists', 'Environmental Scientists and Specialists, Including Health', 'Industrial Ecologists', 'Climate Change Analysts', 'Environmental Restoration Planners', 'Geoscientists, Except Hydrologists and Geographers']","19-204",6,"41.33333333","4.802776974",38,"39.25",40,40,51,"0.116196217"
433,"['Computer and Information Systems Managers']","11-302",1,41,0,41,41,41,41,41,0
611,"['Purchasing Managers']","11-306",1,41,0,41,41,41,41,41,0
715,"['Human Resources Managers']","11-312",1,41,0,41,41,41,41,41,0
713,"['Management Analysts']","13-111",1,41,0,41,41,41,41,41,0
713,"['Operations Research Analysts']","15-203",1,41,0,41,41,41,41,41,0
511,"['Railroad Brake, Signal, and Switch Operators']","53-402",1,41,0,41,41,41,41,41,0
412,"['Epidemiologists', 'Medical Scientists, Except Epidemiologists']","19-104",2,"40.5","3.535533906",38,"39.25","40.5","41.75",43,"0.087297133"
411,"['Mathematicians']","15-202",1,40,0,40,40,40,40,40,0
312,"['Remote Sensing Scientists and Technologists']","19-209",1,40,0,40,40,40,40,40,0
913,"['Survey Researchers']","19-302",1,40,0,40,40,40,40,40,0
913,"['Sociologists']","19-304",1,40,0,40,40,40,40,40,0
924,"['Technical Writers', 'Copy Writers', 'Poets, Lyricists and Creative Writers', 'Editors']","27-304",4,"39.75","17.85823806",14,35,"45.5","50.25",54,"0.449263851"
843,"['Agricultural Sciences Teachers, Postsecondary', 'Biological Science Teachers, Postsecondary', 'Forestry and Conservation Science Teachers, Postsecondary']","25-104",3,"39.66666667","7.505553499",32,36,40,"43.5",47,"0.189215634"
,"['Fundraisers']","13-113",1,39,0,39,39,39,39,39,0
411,"['Statisticians', 'Biostatisticians', 'Clinical Data Managers']","15-204",3,39,"7.937253933",33,"34.5",36,42,48,"0.203519332"
414,"['Astronomers', 'Physicists']","19-201",2,39,"11.3137085",31,35,39,43,47,"0.29009509"
731,"['Paralegals and Legal Assistants']","23-201",1,39,0,39,39,39,39,39,0
933,"['Craft Artists', 'Art Directors', 'Fine Artists, Including Painters, Sculptors, and Illustrators', 'Multimedia Artists and Animators']","27-101",4,"38.75","22.51480994",9,"27.75","43.5","54.5",59,"0.581027353"
922,"['Public Relations and Fundraising Managers']","11-203",1,38,0,38,38,38,38,38,0
,"['Parking Enforcement Workers']","33-304",1,37,0,37,37,37,37,37,0
944,"['Motion Picture Projectionists']","39-302",1,37,0,37,37,37,37,37,0
732,"['Payroll and Timekeeping Clerks']","43-305",1,37,0,37,37,37,37,37,0
,"['Meter Readers, Utilities']","43-504",1,37,0,37,37,37,37,37,0
252,"['Conveyor Operators and Tenders']","53-701",1,37,0,37,37,37,37,37,0
913,"['Market Research Analysts and Marketing Specialists']","13-116",1,36,0,36,36,36,36,36,0
611,"['Sales Engineers']","41-903",1,36,0,36,36,36,36,36,0
411,"['Actuaries']","15-201",1,35,0,35,35,35,35,35,0
281,"['Pressers, Textile, Garment, and Related Materials']","51-602",1,35,0,35,35,35,35,35,0
521,"['Industrial Truck and Tractor Operators']","53-705",1,34,0,34,34,34,34,34,0
731,"['Judicial Law Clerks', 'Lawyers']","23-101",2,"33.5","0.707106781",33,"33.25","33.5","33.75",34,"0.021107665"
431,"['Computer and Information Research Scientists']","15-111",1,33,0,33,33,33,33,33,0
113,"['Animal Breeders']","45-202",1,33,0,33,33,33,33,33,0
722,"['Compensation and Benefits Managers']","11-311",1,32,0,32,32,32,32,32,0
722,"['Compensation, Benefits, and Job Analysis Specialists']","13-114",1,32,0,32,32,32,32,32,0
914,"['Environmental Economists', 'Economists']","19-301",2,31,"2.828427125",29,30,31,32,33,"0.091239585"
,"['Refuse and Recyclable Material Collectors']","53-708",1,31,0,31,31,31,31,31,0
412,"['Petroleum Engineers']","17-217",1,30,0,30,30,30,30,30,0
,"['Bridge and Lock Tenders']","53-601",1,28,0,28,28,28,28,28,0
117,"['Log Graders and Scalers', 'Logging Equipment Operators', 'Fallers']","45-402",3,23,"21.9317122",7,"10.5",14,31,48,"0.953552704"
117,"['Hunters and Trappers']","45-302",1,17,0,17,17,17,17,17,0
